,ef__upstroke_downstroke_ratio_long_square,ef__adaptation,ef__threshold_i_long_square,ef__tau,ef__avg_isi,ef__avg_firing_rate,ef__ri,ef__peak_t_ramp,ef__vrest,fast_trough_v_short_square,peak_v_short_square,height,ExIn,line_name
0,5.261166177,0.288858289,190.0,17.65307755,147.79,6.76635767,58.28128653,2.55227,-63.57497826,-52.9062538147,43.21875,96.1250038147,E,Scnn1a-Tg2-Cre
1,4.957589516,0.097033648,130.0,21.29083223,106.3575,9.402251839,189.3750053,2.475856667,-72.23741695,-54.0937519073,49.296877861,103.390629768,E,Rorb-IRES2-Cre
2,4.843871421,0.02674379,230.0,6.668956573,112.6075,8.88040317,106.2499999,12.00427167,-78.26015827,-64.9531294505,29.9322923024,94.8854217529,I,Htr3a-Cre_NO152
4,4.756383826,0.022991674,50.0,28.24598108,57.5034375,17.39026471,199.3750022,2.15084,-76.37581285,-51.4937530518,46.6437522888,98.1375053406,E,Scnn1a-Tg3-Cre
5,4.70933606,0.083333773,130.0,46.53329851,131.8828571,7.582486622,148.4375142,4.472106667,-72.23770905,-46.640625,45.4921884537,92.1328134537,E,Rbp4-Cre_KL100
6,4.697517125,0.027952035,90.0,22.96444268,73.97958333,13.51724293,167.0312517,3.240186667,-72.43114528,-53.8385442098,49.3541692098,103.19271342,E,Rorb-IRES2-Cre
7,4.586706002,0.261085381,110.0,19.08162774,199.75,5.006257822,156.8750398,3.235971667,-80.40333331,-56.718752861,45.945315361,102.664068222,E,Cux2-CreERT2
8,4.575732453,0.023914611,70.0,20.05003652,65.13269231,15.3532729,198.9062139,2.73731,-77.29038906,-57.0625038147,44.4765634537,101.539067268,E,Cux2-CreERT2
9,4.522856755,0.048308998,110.0,20.20449754,69.98791667,14.2881807,148.7499635,3.004828333,-83.56307293,-57.5437530518,48.3062515259,105.850004578,E,Nr5a1-Cre
10,4.513262974,0.077498251,110.0,27.55627101,168.123,5.948026148,118.7503815,3.145646667,-71.71958022,-50.8750038147,28.7708346049,79.6458384196,E,Rorb-IRES2-Cre
11,4.504294483,0.082536257,130.0,19.81374727,103.197,9.690204173,156.5625018,4.991095,-76.88080978,-51.1875007629,57.5187538147,108.706254578,E,Scnn1a-Tg3-Cre
12,4.48914108,0.069032093,160.0,15.44523464,95.628,10.45718827,90.15625263,5.716708333,-71.91176316,-51.411462148,45.4114615122,96.8229236602,E,Rbp4-Cre_KL100
16,4.405621943,0.008685331,59.99999619,24.94367576,56.35411765,17.74493226,192.4999952,3.621393333,-74.24310303,-53.7343769073,43.218752861,96.9531297683,E,Cux2-CreERT2
17,4.401047381,0.077184422,110.0,18.11394125,98.27777778,10.17524025,156.0937899,2.767226667,-78.35942735,-54.6875038147,51.0687522888,105.756256103,E,Rorb-IRES2-Cre
18,4.382053835,0.045540585,110.0,20.45652632,75.40833333,13.26113383,171.2500399,2.701573333,-78.41592058,-55.432293574,40.0104192098,95.4427127838,E,Cux2-CreERT2
19,4.353247375,0.001311376,170.0,10.28961693,86.00909091,11.62667794,111.5625393,6.041676667,-78.328741,-59.7734413147,25.5468764305,85.3203177452,I,Htr3a-Cre_NO152
20,4.297567927,0.017521729,249.9999847,7.781853776,75.90375,13.17457965,104.375001,8.0096625,-79.16914667,-68.9218788147,18.2812509537,87.2031297684,I,Htr3a-Cre_NO152
21,4.290042212,0.030622748,70.0,16.41006127,72.30961538,13.82941943,147.1875396,3.75047,-74.22064651,-54.2312538147,51.2000038147,105.431257629,E,Rorb-IRES2-Cre
22,4.280574187,0.048498769,190.0,14.00871832,127.4021429,7.849161541,95.62488821,6.45164,-73.87279175,-52.1062538147,46.6312515259,98.7375053406,E,Rbp4-Cre_KL100
23,4.238694297,0.027846549,130.0,18.67107255,151.652,6.594044259,99.06257689,7.758886667,-75.14334106,-48.3541704814,41.2500012716,89.604171753,E,Ctgf-2A-dgCre
24,4.217187821,0.028646387,70.0,22.29461496,64.19678571,15.57710388,195.0000403,2.410198333,-76.73442473,-54.0468769073,47.671877861,101.718754768,E,Rorb-IRES2-Cre
26,4.2084854,0.042214601,110.0,21.95493548,81.39454545,12.28583555,266.4063289,1.310728333,-72.17404514,-57.3000038147,29.0875011444,86.3875049591,E,Cux2-CreERT2
27,4.198302999,0.055157664,90.0,20.28107147,128.9383333,7.755645464,140.9376107,3.351453333,-76.52507891,-53.74375,40.5562507629,94.3000007629,E,Scnn1a-Tg3-Cre
28,4.195805859,0.038669016,130.0,24.55205102,105.96125,9.437412262,137.9687515,5.835458333,-79.88076374,-55.5187530518,36.9437538147,92.4625068665,E,Rbp4-Cre_KL100
30,4.154875446,0.092311154,170.0,18.51432341,83.224,12.01576468,155.781135,4.203673333,-76.85968018,-53.3687538147,40.4625022888,93.8312561035,E,Rorb-IRES2-Cre
31,4.152460998,0.015226471,209.9999847,14.57837403,85.318,11.72085609,91.25000095,7.647211667,-78.79211879,-48.679690361,38.2578144073,86.9375047683,E,Rbp4-Cre_KL100
32,4.14659622,0.017967467,130.0,17.96684937,58.6875,17.03940362,162.6562029,3.213766667,-75.23552704,-52.7375030518,46.4875,99.2250030518,E,Rorb-IRES2-Cre
34,4.14364361,0.035861314,90.0,24.06134655,107.61,9.292816653,160.3124589,4.867526667,-74.14933777,-51.4375022888,46.4687538147,97.9062561035,E,Rorb-IRES2-Cre
36,4.140237312,0.031228518,70.0,23.8389264,62.092,16.10513432,174.999997,3.101333333,-77.47488403,-57.7500030518,36.9437522888,94.6937553406,E,Nr5a1-Cre
37,4.114900527,0.212369051,70.0,21.97689241,175.1916667,5.708034058,231.09,2.743716667,-78.20089912,-51.6328134537,39.5625019073,91.195315361,E,Cux2-CreERT2
39,4.111181037,0.025131928,110.0,28.54738983,128.1691667,7.802188514,129.8437894,4.29488,-68.98883891,-49.4687530518,49.6500022888,99.1187553406,E,Rorb-IRES2-Cre
40,4.104296529,0.088290884,150.0,25.94665418,81.585,12.25715511,193.5936371,1.962921667,-75.92685338,-55.2562515259,39.1875022888,94.4437538147,E,Rorb-IRES2-Cre
41,4.090604062,0.045775324,110.0,19.34626962,120.9785714,8.265926669,184.0625782,2.126696667,-79.03551047,-57.7812522888,35.1937522888,92.9750045776,E,Cux2-CreERT2
43,4.081902903,0.027384956,90.0,18.74687555,71.72153846,13.94281302,158.1250398,3.496595,-72.29564979,-52.0078163147,49.2343769073,101.242193222,E,Scnn1a-Tg2-Cre
44,4.071715272,0.097023349,160.0,17.26407436,129.6216667,7.714759621,125.7812155,5.320653333,-80.31888362,-54.9812538147,36.5500030518,91.5312568665,E,Cux2-CreERT2
45,4.045319097,0.022854224,150.0,15.13045488,88.649,11.2804431,117.9686367,6.241616667,-78.13201114,-51.3500015259,48.8250015259,100.175003052,E,Cux2-CreERT2
46,4.044318792,0.033842829,70.0,25.05030438,60.25666667,16.59567406,251.093867,2.246268333,-77.47291093,-52.1625038147,18.0000011444,70.1625049591,E,Rorb-IRES2-Cre
48,4.027633222,0.036884485,50.0,27.5470916,65.86923077,15.18159524,241.4062505,2.029265,-78.16027149,-53.289065361,43.8125038147,97.1015691757,E,Rorb-IRES2-Cre
49,4.024285544,0.088154532,170.0,17.61150259,94.895,10.53796301,144.531216,3.233418333,-79.95327643,-60.6250022888,32.7625019073,93.3875041961,E,Rbp4-Cre_KL100
50,4.020990864,0.065382905,80.0,23.51046944,88.2835,11.32714494,177.0312901,3.184078333,-73.6229538,-53.3645858765,43.2083352407,96.5729211172,E,Cux2-CreERT2
51,4.015347909,0.158751623,110.0,21.97884688,81.548,12.26271644,157.5000399,2.64047,-74.51552232,-54.6875022888,45.6750015259,100.362503815,E,Rorb-IRES2-Cre
53,3.991494064,0.201385812,230.0,16.96248033,149.07,6.708257865,142.9687142,8.16806,-78.80503082,-55.3187522888,40.7750022888,96.0937545776,E,Nr5a1-Cre
54,3.985795308,0.017836695,220.0,7.066467282,65.31607143,15.31016759,103.281251,8.541425,-74.30470802,-64.0125038147,28.3875011444,92.4000049591,I,Htr3a-Cre_NO152
55,3.98359331,0.094250509,150.0,21.6300106,94.87,10.54073996,143.2812131,6.232715,-78.84496826,-54.2562522888,43.5437522888,97.8000045776,E,Rorb-IRES2-Cre
56,3.979868298,0.102500476,90.0,18.30882305,81.92857143,12.20575414,259.2858076,4.364653333,-72.34536743,-55.3312522888,42.70625,98.0375022888,E,Nr5a1-Cre
57,3.976624067,0.065743495,130.0,26.27158226,85.25555556,11.7294409,144.3750109,2.784668333,-79.61832264,-58.851565361,38.0625019073,96.9140672683,E,Rorb-IRES2-Cre
58,3.975121355,0.033988225,50.0,23.0527641,69.73192308,14.34063419,245.5529873,1.680345,-82.93410974,-60.1250038147,40.125002861,100.250006676,E,Slc17a6-IRES-Cre
59,3.971131529,0.011628276,50.0,30.14812142,95.62444444,10.4575771,193.2813664,2.209986667,-65.699818,-54.2312522888,47.6000015259,101.831253815,E,Rorb-IRES2-Cre
60,3.967706479,0.097020786,90.0,19.64952322,97.561875,10.24990551,141.7188278,4.15797,-73.44399088,-48.1250015259,53.9062522888,102.031253815,E,Rorb-IRES2-Cre
61,3.962509402,0.030462543,70.0,20.17340537,57.28625,17.45619586,145.3124601,3.10859,-79.29503946,-53.5312515259,39.2000007629,92.7312522888,E,Scnn1a-Tg2-Cre
62,3.952205152,0.103914188,150.0,20.87395726,153.395,6.519117312,125.9375013,4.655563333,-78.10075152,-52.2812519073,41.0625038147,93.343755722,E,Rbp4-Cre_KL100
64,3.933206149,0.05434484,120.0000076,17.69383051,77.47916667,12.90669535,121.5625393,4.777686667,-70.85860867,-52.2250022888,50.2125015259,102.437503815,E,Rbp4-Cre_KL100
65,3.926669384,0.050769741,110.0,21.54316923,90.917,10.99904308,171.0939485,2.58827,-76.18048576,-55.067712148,40.7656269073,95.8333390553,E,Cux2-CreERT2
66,3.916668006,0.012244375,170.0,31.30028135,66.17285714,15.11193627,163.5938585,4.324473333,-79.18946075,-53.6562519073,43.5520846049,97.2083365122,E,Nr5a1-Cre
67,3.916029699,0.113233097,170.0,19.59359173,93.46666667,10.69900143,140.9375396,4.08575,-76.58576253,-54.0687515259,40.8625022888,94.9312538147,E,Cux2-CreERT2
69,3.900390904,0.011954783,200.0,10.28417703,61.56133333,16.24396266,102.8125774,8.20556,-70.60906383,-59.354168574,32.4062512716,91.7604198456,I,Htr3a-Cre_NO152
70,3.890979003,0.048978994,50.0,26.85968474,74.37875,13.44470027,190.9375021,1.893845,-71.72567902,-57.1406288147,47.854168574,104.994797389,E,Rorb-IRES2-Cre
71,3.88957261,0.129197871,190.0,17.27481169,50.5925,19.76577556,124.0624631,3.63342,-80.37028554,-58.1250022888,38.1750022888,96.3000045776,E,Cux2-CreERT2
72,3.886271592,0.076359933,70.0,18.67405246,116.445,8.587745287,136.8750421,4.00782,-68.00503297,-52.8375038147,38.2437522888,91.0812561035,E,Rbp4-Cre_KL100
73,3.861525528,0.020606611,70.0,26.81799125,72.23230769,13.84422057,152.4999738,4.420053333,-75.59310913,-52.6250038147,41.8958358765,94.5208396912,E,Scnn1a-Tg3-Cre
74,3.857287975,0.084645718,110.0,20.60815092,131.1225,7.626456176,140.4687896,3.686918333,-75.90507854,-52.4687530518,35.8750015259,88.3437545777,E,Scnn1a-Tg2-Cre
75,3.842614265,0.082873052,70.0,24.21210348,113.5435714,8.807191701,196.4062521,3.53437,-80.76987171,-52.8062522888,43.8687507629,96.6750030517,E,Cux2-CreERT2
76,3.812401369,0.194776278,150.0,18.99074628,143.7566667,6.956199133,127.8125011,4.494208333,-74.21038377,-54.8250030518,43.1187515259,97.9437545777,E,Cux2-CreERT2
77,3.804789532,0.013516768,50.0,25.8783158,56.16352941,17.80514883,217.1876878,2.537833333,-70.78517151,-55.5375030518,43.5625030518,99.1000061036,E,Cux2-CreERT2
78,3.795322172,0.074486195,90.0,20.02653843,97.84277778,10.22047843,170.7811756,3.553041667,-72.578302,-48.9322942098,34.4270852407,83.3593794505,E,Cux2-CreERT2
79,3.781917913,0.038868346,90.0,17.55716737,65.33071429,15.30673606,186.5624637,2.912415,-77.52332095,-56.7375030518,42.6875030518,99.4250061036,E,Cux2-CreERT2
81,3.775242196,0.152610684,209.9999847,15.28632036,80.324,12.4495792,154.3749633,3.563165,-78.72335977,-57.898440361,46.640627861,104.539068222,E,Rorb-IRES2-Cre
83,3.765298383,0.037923104,90.0,21.14360829,77.47083333,12.90808369,165.6250399,3.97999,-75.4108901,-55.5187530518,49.0187530518,104.537506104,E,Nr5a1-Cre
84,3.758079438,0.162879693,290.0,20.64483052,59.473,16.81435273,144.5313276,5.69989,-74.23158073,-59.296877861,35.656252861,94.953130722,E,Rorb-IRES2-Cre
85,3.749907132,0.019181262,40.0,28.2886986,62.56,15.98465473,214.9999259,2.117845,-68.58130173,-50.927087148,46.8333358765,97.7604230245,E,Cux2-CreERT2
86,3.745143399,0.044002249,130.0,16.64171442,73.05692308,13.6879567,157.1875746,1.77748,-78.22320976,-60.3906259537,41.5156259537,101.906251907,E,Scnn1a-Tg3-Cre
87,3.728768224,0.060674507,170.0,15.98478474,103.245,9.685699065,111.7187887,11.81559333,-77.2467804,-55.4296884537,32.9609375,88.3906259537,E,Rbp4-Cre_KL100
88,3.726738945,0.024169857,70.0,23.95029871,69.27884615,14.43442054,187.6562096,3.16498,-77.76528804,-54.0062507629,43.4062530518,97.4125038147,E,Scnn1a-Tg3-Cre
89,3.724552975,0.131628796,249.9999847,9.160502879,163.21,6.127075547,111.0937074,9.793973333,-71.43651581,-53.770837148,32.1145846049,85.8854217529,I,Vip-IRES-Cre
92,3.716470107,0.00482178,110.0,8.535222983,72.53846154,13.78579003,157.0313307,3.773865,-68.54754857,-59.2265644073,23.6953134537,82.921877861,E,Rorb-IRES2-Cre
93,3.701594925,0.031105061,30.00000191,35.17678693,62.49666667,16.00085338,339.6206831,1.393435,-72.08195737,-54.9812538147,38.1875022888,93.1687561035,E,Slc17a6-IRES-Cre
94,3.697332379,0.246357989,310.0,14.53659353,144.204,6.934620399,80.46886325,11.67108667,-77.81946564,-54.0312538147,46.3437522888,100.375006103,E,Cux2-CreERT2
95,3.694913507,0.057679196,110.0,18.07943484,79.57409091,12.56690449,161.2500044,2.70674,-70.36258926,-56.6770858765,42.1822942098,98.8593800863,E,Cux2-CreERT2
96,3.694129939,-0.025293336,350.0,7.009651376,94.76777778,10.55210984,61.56246119,12.410345,-80.84474384,-67.4000015259,22.7000003815,90.1000019074,I,Htr3a-Cre_NO152
97,3.692863407,0.012375595,70.0,23.97307007,51.88,19.27525058,191.7187519,1.93344,-67.53739929,-54.9812522888,39.2937515259,94.2750038147,E,Rorb-IRES2-Cre
99,3.685262841,0.091752736,170.0,15.5613807,119.4585714,8.371102953,148.4373093,3.322385,-80.26106912,-53.7187538147,43.4375038147,97.1562576294,E,Nr5a1-Cre
100,3.685256854,0.020117185,59.99999619,18.8904003,65.77857143,15.20251927,148.4376192,4.350693333,-78.72411346,-55.1979192098,34.5937512716,89.7916704814,E,Rorb-IRES2-Cre
101,3.660713243,0.026630593,110.0,22.45692313,100.8083333,9.91981483,113.2812551,5.43862,-77.24939156,-55.6562519073,32.1562519073,87.8125038146,E,Rbp4-Cre_KL100
103,3.66027827,0.084636277,90.0,17.55013951,81.065,12.33577993,163.2812483,3.307551667,-78.5654873,-52.8562507629,48.9562515259,101.812502289,E,Nr5a1-Cre
104,3.658971291,0.239482651,150.0,16.37032968,144.753,6.908319689,145.1562134,3.469638333,-81.04810498,-53.4437522888,45.5500030518,98.9937553406,E,Rorb-IRES2-Cre
105,3.64611331,0.021990432,50.0,28.1206302,53.98735294,18.52285666,248.1250027,1.901503333,-73.46379471,-53.0062522888,34.1187507629,87.1250030517,E,Rorb-IRES2-Cre
108,3.636855359,0.052263777,200.0,15.77932854,124.3821429,8.039739283,96.40625062,6.54987,-77.09053155,-54.6250030518,43.7125015259,98.3375045777,E,Rorb-IRES2-Cre
109,3.631539459,0.052732179,130.0,20.05481156,78.83571429,12.68460632,153.4373871,4.254421667,-78.24228058,-54.6875030518,42.5937522888,97.2812553406,E,Cux2-CreERT2
114,3.623624873,0.075261354,50.0,30.47387081,109.455,9.136174684,233.2813288,2.203073333,-73.03130971,-50.9000015259,45.0875022888,95.9875038147,E,Rorb-IRES2-Cre
115,3.62133849,0.006713489,110.0,13.11558378,49.57210526,20.17263529,213.2811759,4.45898,-72.38467142,-59.7109384537,29.7031264305,89.4140648842,I,Htr3a-Cre_NO152
116,3.621322831,0.205976049,130.0,17.21433577,69.66,14.35544071,151.5625068,2.977061667,-76.65170875,-53.2437530518,45.3250022888,98.5687553406,E,Nr5a1-Cre
117,3.618316695,0.063471494,70.0,23.75963771,99.38222222,10.0621618,190.4687519,2.442983333,-72.72665845,-54.0000030518,35.0562515259,89.0562545777,E,Cux2-CreERT2
118,3.617298953,0.122768771,230.0,9.462224018,43.94,22.75830678,205.7588511,2.584673333,-75.35651398,-57.5989589691,31.9062503179,89.505209287,E,Scnn1a-Tg3-Cre
119,3.612182815,0.224806946,130.0,17.10805954,98.11666667,10.19194836,164.2187898,3.2383525,-76.13730977,-53.7734394073,44.9453144073,98.7187538146,E,Cux2-CreERT2
121,3.610410567,0.028748666,110.0,15.91890759,80.16090909,12.47490842,129.6876907,3.97612,-74.27852849,-52.875,31.2187519073,84.0937519073,E,Cux2-CreERT2
122,3.609865385,0.025948572,70.0,28.00675215,81.85045455,12.21740314,231.5624979,2.631723333,-74.45570015,-52.8375015259,33.4750007629,86.3125022888,E,Rorb-IRES2-Cre
123,3.603945192,0.06113294,209.9999847,14.99496418,127.5614286,7.839360308,75.62500065,6.540401667,-70.32715754,-51.9250022888,41.1187522888,93.0437545776,E,Rbp4-Cre_KL100
124,3.591544022,0.022841457,110.0,19.91676975,54.5728125,18.32414263,135.468866,3.05534,-80.25799016,-56.0104192098,44.1145852407,100.125004451,E,Rorb-IRES2-Cre
125,3.585283187,0.045001807,110.0,12.66623489,90.26,11.07910481,123.281363,5.237036667,-85.15688567,-54.335940361,35.9218759537,90.2578163147,E,Nr5a1-Cre
126,3.583612327,0.143642094,209.9999847,16.91890113,90.02857143,11.10758489,146.8750007,3.473511667,-82.72502283,-62.203127861,34.1171894073,96.3203172683,E,Rorb-IRES2-Cre
127,3.58117531,0.017470484,270.0,6.242461621,73.13730769,13.67291238,87.81246424,8.347365,-76.09393311,-65.6812561035,16.6812511444,82.3625072479,I,Htr3a-Cre_NO152
129,3.573322172,0.036116785,50.0,20.3603649,59.8553125,16.70695479,230.4687093,1.755625,-75.89694495,-56.9687519073,42.1875006358,99.1562525431,E,Rorb-IRES2-Cre
131,3.56419272,0.024410456,50.0,24.9498929,68.60769231,14.57562507,243.7500654,2.38811,-81.17496129,-57.414065361,37.5468769073,94.9609422683,E,Ntsr1-Cre_GN220
133,3.551475636,0.012080807,50.0,27.99260452,56.17676471,17.80095392,215.4687522,1.8995125,-69.87051793,-57.0937525431,48.25,105.343752543,E,Rorb-IRES2-Cre
135,3.541723281,0.021331101,90.0,16.58341445,55.8575,17.90269883,162.9688293,4.85854,-78.25928497,-48.492190361,40.7031259537,89.1953163147,E,Scnn1a-Tg3-Cre
136,3.539098452,0.023302046,70.0,15.95134016,56.73647059,17.62534732,136.7187893,2.601965,-61.49033255,-52.9812522888,46.9062522888,99.8875045776,E,Rorb-IRES2-Cre
137,3.533000368,0.138777955,230.0,19.28815105,119.1921429,8.389814765,104.8437892,4.61249,-74.87553336,-56.7062522888,34.8937522888,91.6000045776,E,Scnn1a-Tg2-Cre
138,3.520890026,0.135458458,130.0,21.68497834,118.6516667,8.428031633,141.4732155,3.780041667,-77.39948758,-54.4625030518,41.5500030518,96.0125061036,E,Cux2-CreERT2
139,3.519743319,0.015390741,249.9999847,5.784758808,67.41928571,14.83255109,90.46875113,9.012731667,-78.63120857,-68.1062561035,34.3875015259,102.493757629,I,Htr3a-Cre_NO152
140,3.518286698,0.152848281,190.0,14.44526236,141.7866667,7.052849351,113.7501156,4.621096667,-75.21591529,-47.5187515259,31.7187511444,79.2375026703,E,Rbp4-Cre_KL100
141,3.504873134,0.061795211,90.0,19.02913037,92.028,10.8662581,162.3437898,4.12451,-73.31320676,-53.703127861,45.7656269073,99.4687547683,E,Cux2-CreERT2
142,3.502668627,0.02399028,59.99999619,22.81456723,68.45153846,14.60887545,150.6249956,3.191361667,-72.60482306,-52.6093769073,42.0260423024,94.6354192097,E,Scnn1a-Tg2-Cre
143,3.487962939,0.017156114,80.0,15.24745276,53.40205882,18.72586979,144.0625015,2.958473333,-68.83668783,-52.6718769073,45.2812538147,97.953130722,E,Rbp4-Cre_KL100
144,3.482368697,0.028788476,60.00000381,26.27904313,77.15458333,12.96099281,202.5000403,2.15542,-71.71953001,-54.2916692098,36.8333358765,91.1250050863,E,Rorb-IRES2-Cre
146,3.481414401,0.206937365,90.0,18.77314075,123.719,8.082832871,180.4687511,4.003765,-77.56840973,-47.6041679382,35.5677108765,83.1718788147,E,Rbp4-Cre_KL100
147,3.479435331,0.067764241,110.0,17.34264985,96.03111111,10.41329199,143.3483246,3.80284,-77.29870278,-57.6406259537,41.421877861,99.0625038147,E,Rbp4-Cre_KL100
148,3.471313804,0.023253031,90.0,17.72247454,86.65363636,11.5401966,171.0935593,3.868668333,-77.59997639,-63.3671913147,36.2890663147,99.6562576294,E,Rbp4-Cre_KL100
150,3.460812067,0.111099019,110.0,25.84233372,149.989,6.667155591,121.0936367,3.889966667,-73.85798146,-54.4687522888,37.6062507629,92.0750030517,E,Scnn1a-Tg2-Cre
151,3.460560015,0.024119455,70.0,24.72167956,83.40181818,11.99014628,174.3750782,2.959103333,-74.57227672,-51.6875022888,38.4187522888,90.1062545776,E,Rorb-IRES2-Cre
152,3.455586852,0.024339035,130.0,12.82824841,66.46142857,15.04632117,113.1250337,6.497,-81.23347473,-54.15625,32.3437538147,86.5000038147,E,Rorb-IRES2-Cre
153,3.454355791,0.10457119,110.0,23.30821866,132.15625,7.566800662,122.3437087,3.057866667,-71.65475888,-53.8187515259,38.58125,92.4000015259,E,Scnn1a-Tg2-Cre
154,3.451443385,0.131189699,130.0,22.67449631,93.34928571,10.71245476,152.5000015,4.295601667,-74.07308451,-54.0000019073,48.289065361,102.289067268,E,Scnn1a-Tg3-Cre
155,3.446369822,0.030694569,110.0,18.37754558,98.96944444,10.10412866,159.3750016,3.629603333,-72.31994218,-55.343752861,46.1015644073,101.445317268,E,Cux2-CreERT2
156,3.441712414,0.219183008,130.0,18.66150436,146.5375,6.82419176,180.9374635,2.202205,-62.41938902,-51.9062530518,44.9250015259,96.8312545777,E,Scnn1a-Tg3-Cre
157,3.436009649,0.012275351,70.0,18.77390629,92.2345,10.84193008,188.1250782,4.483928333,-74.74012358,-53.6406281789,46.4687531789,100.109381358,E,Ntsr1-Cre_GN220
158,3.435799138,0.120390989,90.0,24.53427802,73.387,13.6263916,168.2812899,5.750695,-72.42487979,-55.5052102407,37.4687519073,92.973962148,E,Cux2-CreERT2
159,3.416107392,0.041112783,110.0,16.75707478,126.0371429,7.934169066,114.3750772,6.78766,-74.80862427,-48.8562522888,44.0312515259,92.8875038147,E,Rorb-IRES2-Cre
160,3.410617984,0.000456018,209.9999847,6.054419234,74.62166667,13.4009336,96.87492476,8.00449,-69.54266805,-62.5859413147,24.4687504768,87.0546917915,I,Htr3a-Cre_NO152
161,3.406229534,0.02226991,90.0,23.45477653,59.82033333,16.71672397,181.7187168,2.844325,-80.51883443,-55.6625022888,37.6125022888,93.2750045776,E,Scnn1a-Tg3-Cre
162,3.406010008,0.008371158,130.0,10.86767353,138.005,7.246114271,85.93747509,3.3745425,-70.42255129,-57.0312531789,39.5468762716,96.5781294505,E,Rbp4-Cre_KL100
164,3.390986151,0.050893189,70.0,17.32378122,64.0175,15.62072871,203.5715069,1.934646667,-66.64905014,-49.804690361,40.765627861,90.570318222,E,Scnn1a-Tg3-Cre
165,3.390838593,0.018391987,50.0,36.26998689,58.05166667,17.22603428,230.0446779,2.149955,-73.20815173,-52.2187525431,30.1770846049,82.395837148,E,Rorb-IRES2-Cre
166,3.389332089,0.025949953,70.0,20.42162583,79.6,12.56281407,153.7499279,4.311293333,-68.5057373,-50.7812519073,44.21875,95.0000019073,E,Scnn1a-Tg3-Cre
167,3.388158116,0.01681349,310.0,6.322324282,117.5214286,8.509086489,72.18750048,13.46245,-76.17692546,-64.10625,28.7312507629,92.8375007629,I,Htr3a-Cre_NO152
168,3.38755588,0.004303078,160.0,5.675621941,76.96625,12.99270784,106.25,6.12454,-73.82226894,-62.2250022888,21.8187503815,84.0437526703,I,Htr3a-Cre_NO152
169,3.387519999,0.092932294,90.0,31.35114861,101.3433333,9.867447291,215.6249216,2.722135,-71.10540941,-55.5312507629,37.0375015259,92.5687522888,E,Rorb-IRES2-Cre
170,3.386316592,0.098664882,130.0,24.57412858,113.2871429,8.827127022,95.17855059,4.780653333,-75.06610979,-51.2312515259,43.7000030518,94.9312545777,E,Scnn1a-Tg3-Cre
172,3.369661277,0.032946539,80.0,20.74522921,53.78147059,18.59376453,193.4375402,3.115515,-80.52481201,-60.3312515259,42.0375007629,102.368752289,E,Cux2-CreERT2
173,3.346890699,-0.013156078,209.9999847,5.864745907,88.5375,11.29464916,119.374963,7.077526667,-76.11568124,-60.8375038147,23.9375019073,84.775005722,I,Htr3a-Cre_NO152
174,3.345226704,0.010889814,90.0,14.02677444,87.28,11.45737855,133.5937083,5.652946667,-81.43971252,-52.8875022888,41.5125007629,94.4000030517,E,Scnn1a-Tg3-Cre
175,3.337195855,0.017019734,59.99999619,34.75235816,45.68575,21.88866331,293.437497,1.569125,-64.66160523,-53.7604173024,37.1458346049,90.9062519073,E,Rorb-IRES2-Cre
176,3.334551743,0.020059368,90.0,18.71192011,61.381,16.29168635,178.2811755,2.66781,-79.43047623,-55.6406269073,36.0937519073,91.7343788146,E,Rbp4-Cre_KL100
177,3.328956985,0.118855155,110.0,17.36125827,67.33333333,14.85148515,158.5937923,4.0841725,-81.68398424,-60.609380722,38.3437519073,98.9531326293,E,Cux2-CreERT2
178,3.323303171,0.013216614,50.0,10.58548253,30.81806452,32.44850109,245.3126169,2.44966,-68.38059743,-55.8125015259,22.5437511444,78.3562526703,I,Htr3a-Cre_NO152
179,3.314273098,0.03495193,370.0,11.51414115,116.194375,8.606268591,69.21878884,7.937035,-80.28030853,-56.4500030518,37.6250030518,94.0750061036,E,Rbp4-Cre_KL100
180,3.310382891,0.000640076,190.0,7.848924928,76.35375,13.09693368,98.59386348,7.767671667,-70.51524162,-63.0312515259,22.7875003815,85.8187519074,I,Gad2-IRES-Cre
182,3.302439646,0.064123986,150.0,18.28611689,121.1471429,8.254424961,162.4999266,3.380415,-71.94474139,-46.3828144073,49.6250019073,96.0078163146,E,Rbp4-Cre_KL100
183,3.299929253,0.10049029,90.0,22.86877213,80.45045455,12.43001057,197.8125402,4.281908333,-81.92037601,-47.382815361,25.0078129768,72.3906283378,E,Rorb-IRES2-Cre
184,3.289553505,0.008813592,50.0,28.85037217,76.37454545,13.09336761,200.1562119,3.310366667,-72.72707367,-53.3625022888,35.6687507629,89.0312530517,E,Rorb-IRES2-Cre
185,3.278658837,0.030713634,50.0,22.33011796,75.905,13.17436269,232.8125,1.397676667,-64.32819409,-53.4375007629,48.8750030518,102.312503815,E,Cux2-CreERT2
186,3.27833412,0.028417226,100.0,26.13309514,61.05266667,16.37930093,179.6874637,3.417671667,-80.12923564,-57.9437538147,37.1125015259,95.0562553406,E,Scnn1a-Tg3-Cre
187,3.266752977,0.117267301,210.0,21.16225485,67.90333333,14.72681753,136.2500724,5.508708333,-70.21352834,-56.6015644073,39.25,95.8515644073,E,Scnn1a-Tg3-Cre
188,3.262147359,-0.008477566,209.9999847,7.676596508,109.526875,9.130179237,103.4373865,7.822183333,-71.76810653,-60.1770865122,25.1562512716,85.3333377838,I,Htr3a-Cre_NO152
190,3.257326995,0.029921885,90.0,20.27272437,63.40366667,15.77195851,178.1250057,2.504963333,-70.57510466,-53.2875015259,49.2750030518,102.562504578,E,Nr5a1-Cre
191,3.254222768,0.097564898,110.0,21.11843304,99.84166667,10.01585844,169.6875364,3.527266667,-81.57429286,-54.0989589691,40.8125,94.9114589691,E,Rorb-IRES2-Cre
193,3.246530105,0.01686679,170.0,16.20983979,61.23566667,16.33035214,93.75000267,5.4723,-76.00134311,-53.8625022888,38.3062515259,92.1687538147,E,Rbp4-Cre_KL100
194,3.239066033,0.227778151,170.0,13.22022087,72.46,13.80071764,109.2188674,4.272398333,-69.37343884,-55.3750012716,44.1979179382,99.5729192098,E,Cux2-CreERT2
195,3.237167867,0.047694578,70.0,24.6772535,62.894,15.89976786,210.4686376,3.149208333,-75.30421738,-48.2625022888,40.4937507629,88.7562530517,E,Nr5a1-Cre
196,3.232809458,0.178353475,150.0,18.35035,75.043,13.32569327,130.1561369,4.516908333,-79.26253408,-54.1093788147,39.234375,93.3437538147,E,Nr5a1-Cre
197,3.23259035,0.008528963,20.0,25.34651202,26.01567568,38.43836356,413.4374559,1.72304,-68.58332062,-56.9375022888,42.6187507629,99.5562530517,E,Ctgf-2A-dgCre
198,3.2319186,0.057127401,90.0,18.86019534,52.161,19.17141159,248.1250403,1.276358333,-72.48110562,-59.8385448456,25.6510429382,85.4895877838,E,Cux2-CreERT2
199,3.225951921,0.017474203,200.0,8.003388233,82.59181818,12.10773684,96.09371278,7.756266667,-70.92219899,-63.6510448456,15.630209287,79.2812541326,I,Htr3a-Cre_NO152
200,3.224920624,0.123807141,190.0,25.68148725,125.0533333,7.996588122,102.6561365,12.88914333,-66.18362172,-54.7625038147,35.5375022888,90.3000061035,E,Rorb-IRES2-Cre
203,3.204878873,0.036039073,130.0,19.97474628,110.28625,9.067313468,115.7813273,4.403093333,-75.17479002,-52.898440361,32.2031254768,85.1015658378,E,Rorb-IRES2-Cre
206,3.185888221,0.010021964,29.99999809,16.13203789,44.65333333,22.3947447,238.5937423,2.374093333,-76.06157684,-57.195315361,34.7812519073,91.9765672683,E,Rorb-IRES2-Cre
209,3.165291867,0.012117665,70.0,21.23603938,49.13684211,20.35132819,187.6562834,3.83902,-80.89803314,-54.6875019073,37.6718769073,92.3593788146,E,Nr5a1-Cre
210,3.163968628,0.029594577,140.0,12.6845407,73.89291667,13.53309688,97.18738644,3.595356667,-70.70294698,-54.1687515259,34.3375015259,88.5062530518,E,Rbp4-Cre_KL100
211,3.162449337,0.040829572,70.0,25.7925331,72.73230769,13.74904814,241.5625031,2.841225,-71.71221597,-50.5500015259,18.7875007629,69.3375022888,E,Nr5a1-Cre
212,3.160521131,0.033076632,70.0,22.43945445,48.52605263,20.60748703,199.0625401,4.016388333,-69.71613426,-48.1562519073,36.5989608765,84.7552127838,E,Nr5a1-Cre
213,3.160055504,0.003032678,80.0,16.11111672,62.00133333,16.1286854,119.3749249,3.43368,-67.95280933,-54.0000031789,47.9739602407,101.97396342,E,Rbp4-Cre_KL100
215,3.149129975,0.027340106,190.0,17.53156128,54.83558824,18.23633214,171.0937137,3.106325,-76.95069461,-53.1406269073,43.3437509537,96.484377861,E,Rorb-IRES2-Cre
216,3.139299325,0.258176906,110.0,19.22560111,104.7916667,9.542743539,154.1071102,4.931421667,-78.5532812,-53.8593769073,32.4062509537,86.265627861,E,Scnn1a-Tg3-Cre
218,3.136395181,0.199393343,210.0,16.2623908,151.4933333,6.600950537,135.3125,4.444016667,-69.08444188,-51.8906269073,41.3046875,93.1953144073,E,Scnn1a-Tg3-Cre
219,3.130522738,-0.014471684,310.0,8.780983676,80.54791667,12.41497039,132.8126907,9.06588,-75.24317063,-62.8281294505,23.6562509537,86.4843804042,I,Htr3a-Cre_NO152
221,3.116701594,0.02653563,130.0,23.43396118,97.82,10.22285831,116.7186323,4.983806667,-73.24439573,-51.109377861,28.6484379768,79.7578158378,E,Scnn1a-Tg2-Cre
222,3.10975916,0.016399263,50.0,15.76739219,29.42242424,33.98768204,279.0625083,1.97923,-73.48170792,-56.9062538147,22.5,79.4062538147,I,Htr3a-Cre_NO152
223,3.100378119,0.429715441,70.0,12.57911511,203.98375,4.90235129,199.2188663,4.7775,-72.16985671,-59.3625030518,32.3062519073,91.6687549591,I,Htr3a-Cre_NO152
224,3.098712973,0.01801854,70.0,26.61920523,46.556,21.47950855,212.0312905,2.1342025,-73.92019806,-54.3125025431,33.9791692098,88.2916717529,E,Cux2-CreERT2
225,3.098691821,0.11353204,170.0,15.69021945,91.175,10.96791884,171.5625365,3.482756667,-67.61129325,-57.151043574,33.8177083333,90.9687519073,E,Scnn1a-Tg3-Cre
227,3.085868524,0.016569567,130.0,15.84861269,61.63916667,16.223451,189.0624911,4.698726667,-75.57073453,-53.7410714286,33.0223214286,86.7633928572,E,Nr5a1-Cre
228,3.079882828,0.109238073,170.0,9.574919669,152.815,6.543860223,162.5000779,7.048853333,-68.1852863,-58.9375030518,43.9375015259,102.875004578,I,Htr3a-Cre_NO152
231,3.05838709,0.042162205,70.0,23.60621487,79.65090909,12.55478451,157.3437898,3.876546667,-81.45101261,-53.7437522888,23.9312503815,77.6750026703,E,Scnn1a-Tg3-Cre
233,3.054448847,0.032048152,110.0,21.03391858,63.99535714,15.62613359,155.7812484,4.450938333,-81.75403637,-54.239587148,31.7708326976,86.0104198456,E,Nr5a1-Cre
235,3.04293348,0.032339618,70.0,20.64258035,55.895,17.8906879,213.124964,1.828811667,-76.92847761,-59.161462148,35.1093765895,94.2708387375,E,Cux2-CreERT2
237,3.038636214,0.016471084,50.0,28.24175515,70.415,14.20151956,226.8749975,2.021306667,-72.0171308,-52.40625,33.34375,85.75,E,Nr5a1-Cre
238,3.038266076,0.012144213,30.00000191,13.87335152,20.58916667,48.56923139,287.3437528,2.337845,-68.87921322,-55.6562531789,22.5260426203,78.1822957992,I,Htr3a-Cre_NO152
239,3.035798122,0.007102912,50.0,25.85932025,52.25583333,19.13661952,248.5714201,2.136898333,-75.83566688,-59.2562538147,32.49375,91.7500038147,E,Scnn1a-Tg2-Cre
240,3.026969769,0.018127397,150.0,16.89931814,77.06875,12.97542778,109.8436367,5.830835,-75.08641876,-51.4687522888,45.5562530518,97.0250053406,E,Rbp4-Cre_KL100
241,3.02579884,0.013123567,190.0,6.881217072,60.1221875,16.63279467,112.1875032,7.45598,-70.78634027,-58.7937530518,31.3312515259,90.1250045777,I,Htr3a-Cre_NO152
242,3.020339014,0.031311402,50.0,28.05160511,43.67340909,22.89722787,274.0626171,0.999498333,-64.58759471,-51.6875038147,2.84375,54.5312538147,I,Htr3a-Cre_NO152
245,3.007641274,0.014279348,110.0,13.14019228,59.558125,16.79032038,127.34375,3.47999,-69.23385048,-52.8281269073,32.2812519073,85.1093788146,E,Rbp4-Cre_KL100
246,3.001202232,0.028362582,70.0,20.20297723,83.43909091,11.98479021,232.9687859,2.621445,-76.30123901,-50.3125,40.3437507629,90.6562507629,E,Nr5a1-Cre
247,3.000143663,0.04322366,90.0,23.14522171,101.9722222,9.806592209,180.6250782,2.916505,-70.32825851,-53.835940361,34.1562519073,87.9921922683,E,Rbp4-Cre_KL100
248,2.9997229,0.006289983,50.0,10.52974548,44.70785714,22.36743302,179.6875,2.734688333,-65.23158578,-60.4687538147,28.9375007629,89.4062545776,I,Htr3a-Cre_NO152
250,2.998306414,0.026696392,80.0,17.75608206,71.64541667,13.95762697,158.203125,2.0440925,-74.87202708,-53.1830378941,47.4375038147,100.620541709,E,Nr5a1-Cre
251,2.996615815,0.018039382,70.0,14.97923771,64.09571429,15.60166715,146.0938603,5.145553333,-78.69703674,-52.0062530518,38.4875030518,90.4937561036,E,Scnn1a-Tg3-Cre
252,2.994793419,0.193661455,50.0,46.72634236,89.79125,11.13694263,365.0000808,2.635521667,-76.13786643,-51.0729192098,23.5104179382,74.583337148,E,Rorb-IRES2-Cre
254,2.984997703,0.021709694,50.0,29.73856544,59.43766667,16.8243482,210.9376168,1.778806667,-69.42288505,-53.3359394073,36.3437509537,89.679690361,E,Scnn1a-Tg3-Cre
256,2.980372065,0.152785552,90.0,24.18230622,146.2475,6.837723722,182.0313281,3.216941667,-74.33217826,-50.8062530518,43.0500022888,93.8562553406,E,Cux2-CreERT2
257,2.974194234,0.026731721,70.0,23.19072692,94.2335,10.61193737,166.2499983,2.399041667,-69.40329409,-53.4427089691,41.5885429382,95.0312519073,E,Scnn1a-Tg3-Cre
258,2.96935901,0.086878179,50.0,16.1891006,101.5361111,9.848712828,118.08038,2.382616667,-68.41251293,-50.6250030518,23.7625015259,74.3875045777,E,Rbp4-Cre_KL100
260,2.968604821,0.043409621,90.0,18.72525195,69.74307692,14.33834072,174.2188531,2.361443333,-73.70169873,-53.9187507629,33.9312507629,87.8500015258,E,Nr5a1-Cre
261,2.967689049,0.061491992,90.0,33.20476452,92.6515,10.79313341,197.3437136,2.74606,-72.42431953,-53.3177096049,42.2187519073,95.5364615122,E,Cux2-CreERT2
262,2.965658845,0.092120986,30.00000191,49.70901595,113.670625,8.7973476,331.2500145,1.122135,-61.39540456,-47.0937538147,35.25,82.3437538147,E,Rorb-IRES2-Cre
263,2.9636423,0.037001045,90.0,6.911974903,35.725,27.99160252,148.7500396,5.674301667,-71.99129451,-62.5812545776,36.3437530518,98.9250076294,I,Htr3a-Cre_NO152
264,2.959704012,0.021961569,50.0,36.25402259,61.05,16.38001638,225.0000023,2.147973333,-69.08418588,-53.1458358765,30.7604173024,83.9062531789,E,Rorb-IRES2-Cre
266,2.949762474,0.053710069,230.0,12.52149402,135.6607143,7.371330788,119.3749652,6.453723333,-79.41268133,-62.3333365122,36.6145852407,98.9479217529,E,Ntsr1-Cre_GN220
268,2.948517225,-0.045361179,230.0,6.020378039,83.95136364,11.91165881,96.24988648,8.625286667,-73.30921827,-61.1312530518,29.3875015259,90.5187545777,I,Htr3a-Cre_NO152
269,2.946760152,0.021809859,50.0,40.98778985,52.86222222,18.91710106,304.6874963,2.0511975,-65.39875031,-50.53125,38.2968769073,88.8281269073,E,Scnn1a-Tg2-Cre
270,2.941211355,0.012735403,59.99999619,22.68501016,46.165,21.66143182,189.107141,2.319728333,-77.34208562,-55.0625015259,33.9937507629,89.0562522888,E,Scnn1a-Tg3-Cre
271,2.938654755,0.014401567,30.00000191,29.29155522,58.2290625,17.17355487,278.906291,1.3395925,-67.01102287,-56.1328163147,39.7968759537,95.9296922684,E,Rbp4-Cre_KL100
272,2.934454189,0.001968769,190.0,13.24931953,118.6307143,8.42952018,80.31257707,6.82551,-71.45548657,-55.4937530518,43.7312507629,99.2250038147,E,Rbp4-Cre_KL100
273,2.932376069,0.017026569,50.0,28.96388862,43.84880952,22.80563625,208.2812141,2.197755,-74.98126804,-54.1458339691,24.5000006358,78.6458346049,E,Scnn1a-Tg2-Cre
274,2.931989156,0.011078278,70.0,20.7927241,31.9805,31.26905458,299.1965376,2.188165,-72.3514389,-55.6406269073,41.2187519073,96.8593788146,E,Cux2-CreERT2
275,2.930297207,0.020024604,90.0,21.9923628,77.62272727,12.88282485,182.968752,3.498783333,-76.07033245,-50.958337148,31.0312512716,81.9895884196,E,Nr5a1-Cre
276,2.92948473,0.056602865,90.0,17.79084144,81.56909091,12.25954573,122.1875391,2.719136667,-66.0434563,-49.562502861,30.6328144073,80.1953172683,E,Rorb-IRES2-Cre
279,2.92414701,0.04268286,80.0,24.18523457,55.8046875,17.91964161,206.8750782,2.764366667,-67.18278217,-57.1093781789,24.145834287,81.2552124659,E,Rorb-IRES2-Cre
280,2.893732392,0.15068193,130.0,26.24895209,117.9566667,8.477689547,128.90625,6.134475,-73.0203901,-51.8375015259,23.9500007629,75.7875022888,E,Scnn1a-Tg2-Cre
281,2.883532975,0.003947597,249.9999847,6.658316561,48.35625,20.67985007,105.1562529,8.955321667,-72.05951277,-59.0625022888,22.3250007629,81.3875030517,I,Htr3a-Cre_NO152
282,2.875894375,0.068802619,190.0,19.17765964,67.251,14.86966737,167.9687516,5.419645,-77.26195966,-54.5468759537,42.6562519073,97.203127861,E,Rbp4-Cre_KL100
283,2.874550603,0.055721646,110.0,23.07006129,99.90333333,10.00967602,170.3124982,3.399891667,-78.7213544,-53.4791666667,44.46875,97.9479166667,E,Nr5a1-Cre
284,2.870067211,0.019726424,100.0,18.37599772,101.615,9.841066772,118.7500774,4.950361667,-70.97655222,-52.3437522888,37.3562522888,89.7000045776,E,Rbp4-Cre_KL100
285,2.865483025,0.014065174,30.00000191,42.66362458,43.62545455,22.92239727,330.3124273,1.033105,-61.62726811,-51.242190361,50.921877861,102.164068222,E,Rorb-IRES2-Cre
286,2.861708223,0.043697847,90.0,31.49773591,72.69958333,13.75523702,223.4374979,3.085156667,-72.1346046,-56.3812507629,27.0562503815,83.4375011444,E,Rorb-IRES2-Cre
287,2.842284647,0.251829868,150.0,21.48172339,70.105,14.26431781,170.6250398,4.632706667,-75.34276764,-56.7500030518,26.3000015259,83.0500045777,E,Rbp4-Cre_KL100
288,2.834438656,0.003543847,110.0,8.901542292,46.95675,21.29619277,148.4376224,5.0420425,-69.44979499,-63.3854192098,30.2083346049,93.5937538147,I,Htr3a-Cre_NO152
289,2.831951929,0.013154428,40.0,10.85914995,19.84265306,50.39648664,315.9375031,2.10243,-72.35173757,-58.0937530518,30.9687515259,89.0625045777,I,Htr3a-Cre_NO152
291,2.830946093,0.054231142,110.0,23.31725434,108.42,9.223390518,189.0625,5.213241667,-74.3201517,-56.3312530518,35.89375,92.2250030518,I,Sst-IRES-Cre
292,2.824298795,0.036128323,70.0,20.44479573,76.46125,13.07852017,214.5312904,2.3102125,-74.41047363,-58.0312522888,38.7062522888,96.7375045776,E,Rorb-IRES2-Cre
293,2.816590961,0.069690863,150.0,15.37098262,91.06142857,10.98159798,172.6561755,6.621683333,-77.46816223,-61.3562530518,40.8312515259,102.187504578,E,Scnn1a-Tg3-Cre
294,2.810764605,0.09171283,100.0,25.72254988,73.97625,13.51785201,193.2812521,4.26661,-77.27455971,-50.03125,33.6875025431,83.7187525431,E,Rbp4-Cre_KL100
295,2.809832498,0.02142003,209.9999847,13.67829199,70.8525,14.11382802,115.4686747,7.038306667,-75.91913831,-55.1875015259,43.7250015259,98.9125030518,E,Ntsr1-Cre_GN220
296,2.809441365,0.008572167,50.0,15.18227279,33.89407407,29.5036825,214.6875785,2.09245375,-75.12531433,-60.2447954814,40.1666666667,100.411462148,I,Htr3a-Cre_NO152
297,2.788395393,0.020571736,130.0,10.37717329,53.5075,18.68896884,107.343751,5.844998333,-70.34151591,-53.9375012716,41.9166679382,95.8541692098,E,Nr5a1-Cre
298,2.786975326,0.042987048,50.0,35.49851225,79.42375,12.59069233,348.4373254,2.176565,-71.22652308,-54.1250038147,28.2395852407,82.3645890554,E,Rorb-IRES2-Cre
299,2.782034114,0.118105002,70.0,16.39599328,27.65375,36.16146092,273.9062474,2.702626667,-72.97268909,-59.0875022888,33.7687507629,92.8562530517,I,Htr3a-Cre_NO152
301,2.776299546,0.100740401,70.0,26.95915388,82.64818182,12.09947972,332.8124653,2.37968,-74.89104407,-52.1750030518,24.3437511444,76.5187541962,E,Rorb-IRES2-Cre
302,2.770646473,0.099989276,70.0,14.241879,61.50416667,16.25906104,269.3749643,1.835663333,-76.34947517,-57.429690361,27.3515639305,84.7812542915,E,Cux2-CreERT2
303,2.761461991,0.036267431,150.0,19.56613036,62.17033333,16.08484218,162.8123876,4.485065,-73.97942238,-56.7250030518,40.5125015259,97.2375045777,E,Rorb-IRES2-Cre
305,2.754241708,0.043750029,110.0,9.271709434,25.20416667,39.6759795,159.375,4.53921,-72.20092773,-62.3958358765,30.4687512716,92.8645871481,I,Htr3a-Cre_NO152
307,2.711280671,0.023707307,90.0,14.9501744,51.0925,19.57234428,147.4999251,4.08019,-74.17315857,-56.7812530518,43.2750030518,100.056256104,E,Ntsr1-Cre_GN220
309,2.699684658,-0.014975288,170.0,9.192838042,59.91466667,16.69040413,143.4375013,6.033633333,-69.08218442,-62.4750015259,25.9937507629,88.4687522888,I,Htr3a-Cre_NO152
310,2.698098225,0.00747413,140.0,9.490273691,50.33447368,19.86709956,164.6875425,6.092848333,-68.83401306,-58.677087148,6.94270849228,65.6197956403,I,Htr3a-Cre_NO152
311,2.697730162,0.015330075,190.0,14.27404498,77.66333333,12.8760891,127.031213,7.350746667,-78.63482475,-57.679690361,39.1250009537,96.8046913147,E,Ntsr1-Cre_GN220
313,2.68785571,0.038841978,130.0,15.62373444,81.50772727,12.26877541,160.6249983,3.018958333,-80.70793178,-56.5781281789,35.0260416667,91.6041698456,E,Nr5a1-Cre
314,2.680101612,0.109118861,150.0,15.43758239,95.111,10.51403097,191.4061791,5.639208333,-71.143165,-53.7187515259,31.6500015259,85.3687530518,E,Ntsr1-Cre_GN220
315,2.678995935,0.042322633,90.0,20.69765994,83.74818182,11.94055773,187.3438284,4.406466667,-78.4389319,-54.3281275431,21.3697926203,75.6979201634,E,Rbp4-Cre_KL100
316,2.671177889,0.018131046,90.0,14.1134506,56.16125,17.80587149,142.1875358,4.84132,-79.63397217,-49.4375022888,30.5187515259,79.9562538147,E,Cux2-CreERT2
318,2.66426049,0.027104301,40.0,24.80912472,48.58657895,20.58181542,339.0625654,1.631583333,-67.72395884,-53.1937530518,31.6187507629,84.8125038147,E,Rbp4-Cre_KL100
319,2.651224317,0.139288215,90.0,17.36763005,116.774375,8.563522605,225.9375024,3.966393333,-77.04034381,-52.3125038147,27.0833339691,79.3958377838,E,Nr5a1-Cre
320,2.650790993,0.036295677,90.0,20.73491368,74.8225,13.36496375,210.9373833,2.922973333,-77.84210587,-51.0312538147,35.7968769073,86.828130722,E,Nr5a1-Cre
321,2.647185408,0.018206311,50.0,29.66304252,52.89055556,18.90696722,342.343907,1.291065,-71.79998196,-52.6437538147,33.1625003815,85.8062541962,E,Rorb-IRES2-Cre
322,2.639077188,0.060753582,50.0,25.33501718,86.076,11.61764022,163.6717796,2.02694,-64.78755675,-51.4062538147,44.3203144073,95.726568222,E,Scnn1a-Tg3-Cre
323,2.63463769,0.032027901,180.0,12.61561261,45.11095238,22.16756568,151.5628815,5.6599,-78.51963261,-56.6500038147,16.7187507629,73.3687545776,E,Ntsr1-Cre_GN220
324,2.6330408,0.145804842,70.0,26.28042427,93.67333333,10.67539677,256.5625736,2.437465,-72.63402598,-52.6625015259,38.0250015259,90.6875030518,E,Nr5a1-Cre
325,2.628682077,0.029715642,50.0,26.02113386,49.58552632,20.16717527,267.96875,1.4510425,-73.15529691,-55.9375038147,30.0729173024,86.0104211171,E,Scnn1a-Tg3-Cre
326,2.625872419,-0.02064219,60.00000381,7.103068563,161.302,6.199551152,118.9062896,3.244535,-63.95301902,-57.5625038147,22.3125019073,79.875005722,I,Htr3a-Cre_NO152
327,2.618767192,0.040669397,40.0,53.29051661,65.55357143,15.25469899,268.359375,0.95533,-66.960392,-56.9843788147,35.4375019073,92.421880722,E,Nr5a1-Cre
328,2.610696832,0.085194725,110.0,24.99867636,71.48125,13.98968261,166.2499598,3.728971667,-76.97983369,-51.5156259537,29.9531259537,81.4687519074,E,Scnn1a-Tg2-Cre
331,2.553382345,0.010658076,70.0,16.39793141,39.44229167,25.35349641,220.7812139,5.059038333,-70.12404051,-55.7656288147,26.7500019073,82.515630722,E,Ntsr1-Cre_GN220
332,2.54158485,0.085556506,20.0,11.17311023,63.66857143,15.70633638,226.4062911,2.124993333,-73.72787476,-56.5625022888,35.5625007629,92.1250030517,I,Vip-IRES-Cre
333,2.525407442,0.008651273,120.0000076,9.7375909,32.97844828,30.32283362,214.8437906,3.565451667,-65.2326896,-60.0687538147,35.9250022888,95.9937561035,I,Htr3a-Cre_NO152
334,2.520894012,0.039201811,70.0,20.93831709,94.51944444,10.57983366,178.57143,3.304623333,-70.25788277,-48.3906269073,43.5000019073,91.8906288146,E,Scnn1a-Tg3-Cre
335,2.517406966,0.382877383,110.0,17.8120221,264.3166667,3.78334069,189.68754,5.429855,-75.4081694,-47.4875022888,20.9062511444,68.3937534332,E,Rorb-IRES2-Cre
339,2.48716083,0.034131533,70.0,19.94754406,71.885,13.91110802,260.7813618,1.8760525,-74.81232811,-52.3281269073,19.9062509537,72.234377861,E,Scnn1a-Tg3-Cre
340,2.481112964,0.010859065,100.0,8.697152132,52.08444444,19.19959041,152.8125368,3.45648,-66.51015771,-58.4270833333,29.567709287,87.9947926203,I,Htr3a-Cre_NO152
341,2.476664955,0.016037249,50.0,13.62177228,20.35477273,49.12852693,267.9017639,1.916473333,-64.6771856,-59.5312530518,37.9062522888,97.4375053406,I,Htr3a-Cre_NO152
342,2.473613836,0.010538481,15.00000095,43.25123844,27.464,36.41130207,570.3124456,0.755971667,-61.28605652,-59.3281269073,20.25,79.5781269073,I,Sst-IRES-Cre
345,2.462998969,0.138954708,110.0,17.87433416,129.0057143,7.751594614,176.6518056,5.730646667,-60.44380188,-54.8812530518,40.2687530518,95.1500061036,E,Ntsr1-Cre
346,2.461174451,0.029989722,80.0,24.7563297,57.9271875,17.26305114,192.1871185,1.65519,-73.35472234,-52.8281269073,20.8437509537,73.671877861,E,Cux2-CreERT2
347,2.459218383,0.026013695,170.0,14.96308816,84.25272727,11.86905199,160.1562798,8.541313333,-76.33598328,-53.8250015259,35.9000022888,89.7250038147,E,Ntsr1-Cre_GN220
348,2.457392757,0.054478998,30.00000191,74.77568009,164.649,6.073526107,485.0000049,1.042565,-67.01157901,-61.7812538147,32.6250025431,94.4062563578,I,Sst-IRES-Cre
349,2.455814351,0.025906509,130.0,17.81730486,93.429,10.70331482,172.3437482,5.018031667,-72.8524065,-57.609375,33.4140634537,91.0234384537,E,Ntsr1-Cre_GN220
352,2.443328512,0.015764468,50.0,22.16585917,53.76088235,18.60088518,233.7500065,1.854701667,-67.0960071,-54.0125022888,33.3062534332,87.318755722,E,Nr5a1-Cre
353,2.443293488,0.028414687,29.99999809,90.35351092,58.0909375,17.21438908,357.1428517,1.1096575,-59.39736509,-58.11875,21.0437503815,79.1625003815,I,Gad2-IRES-Cre
354,2.431997795,0.009289293,120.0000076,14.64777892,60.18433333,16.61561979,151.5626159,5.217013333,-76.29515866,-59.0187530518,26.5125011444,85.5312541962,E,Ntsr1-Cre_GN220
357,2.396210907,0.064918935,90.0,23.29929169,91.33714286,10.94844845,263.4374644,2.33601,-73.19311479,-53.7812530518,32.0875011444,85.8687541962,E,Rorb-IRES2-Cre
359,2.387837695,0.017192776,130.0,10.57856345,41.71152174,23.97419126,139.3749987,6.362068333,-68.97993801,-63.1250019073,28.9791676203,92.1041695276,I,Htr3a-Cre_NO152
360,2.376177799,0.03492886,90.0,17.6184884,49.12289474,20.35710651,214.4642549,3.478765,-71.50211334,-58.7890644073,3.21875011921,62.0078145265,I,Sst-IRES-Cre
361,2.371819122,0.018593598,60.00000381,27.48608112,56.9271875,17.56629906,251.8748881,2.096101667,-69.93422651,-56.2708352407,36.1458358765,92.4166711172,E,Rbp4-Cre_KL100
362,2.354592213,0.031417181,190.0,13.76308293,80.31227273,12.4513971,146.0938278,7.125246667,-73.21889142,-55.2812522888,24.7562515259,80.0375038147,E,Ntsr1-Cre_GN220
363,2.350017406,0.008007519,20.0,23.19956411,42.8673913,23.32775496,358.3533628,0.751103333,-66.24072355,-68.0260429382,50.8385423024,118.864585241,I,Sst-IRES-Cre
364,2.339002606,0.10555626,50.0,14.24101983,21.231,47.10093731,291.8750029,2.16175,-68.55849906,-55.164065361,17.4140625,72.578127861,I,Htr3a-Cre_NO152
365,2.329841081,0.035674241,30.00000191,20.18794893,34.79653846,28.73849079,344.6875039,1.735276667,-62.61099696,-54.0234384537,21.4296889305,75.4531273842,I,Htr3a-Cre_NO152
367,2.318318112,0.008309021,50.0,22.68005734,41.73318182,23.96174834,206.7186757,1.559483333,-61.2652113,-54.960940361,33.7500019073,88.7109422683,E,Ntsr1-Cre_GN220
368,2.301250132,0.152209341,230.0,16.2257975,34.03,29.38583603,183.5937137,6.096065,-76.00580525,-55.0937530518,32.9500022888,88.0437553406,E,Nr5a1-Cre
369,2.297300406,0.022987504,50.0,17.65307425,43.26954545,23.11094303,180.6250049,2.996786667,-78.75416444,-54.3437530518,20.9875007629,75.3312538147,E,Nr5a1-Cre
370,2.291372618,0.006229976,90.0,21.09586122,58.665625,17.0457572,192.8124599,3.522513333,-73.03711046,-66.9375,29.9062504768,96.8437504768,E,Scnn1a-Tg3-Cre
372,2.287710574,0.054984583,70.0,19.04528862,26.07416667,38.35213653,263.7501172,2.367363333,-66.15574682,-56.1250025431,40.791668574,96.9166711171,I,Htr3a-Cre_NO152
373,2.281030373,0.00768896,40.0,16.2404434,15.98532258,62.55738631,462.5000022,1.189016667,-65.24915259,-55.5562530518,17.4687503815,73.0250034333,I,Htr3a-Cre_NO152
374,2.275918657,0.113162867,130.0,23.85437966,57.6975,17.33177347,199.3749982,4.13546,-77.79330983,-64.1796894073,23.0625009537,87.242190361,I,Sst-IRES-Cre
379,2.24156114,0.008799036,90.0,24.96162063,45.41952381,22.01696355,212.4998875,3.86626,-73.61112012,-64.6375,31.0187519073,95.6562519073,I,Sst-IRES-Cre
380,2.241327112,0.008942715,110.0,13.08764962,52.18444444,19.16279862,315.1563108,6.244046667,-72.18563843,-53.4687538147,21.5625019073,75.031255722,E,Ntsr1-Cre
381,2.241170051,0.04831053,40.0,20.89011916,88.845,11.25555743,157.0312294,1.021681667,-57.89265995,-61.8541679382,33.4010423024,95.2552102406,I,Sst-IRES-Cre
382,2.221898712,0.16775632,29.99999809,44.36234531,151.8816667,6.584073127,288.28125,0.936895,-62.36692653,-60.9140625,36.75,97.6640625,I,Sst-IRES-Cre
383,2.207537901,0.030695711,90.0,23.52708717,71.00769231,14.08298126,211.874994,3.710916667,-70.39768906,-54.0312506358,38.9583346049,92.9895852407,I,Sst-IRES-Cre
384,2.192795568,0.007598601,90.0,10.06438795,24.254,41.23031253,240.6250024,3.953923333,-66.40194113,-60.0750022888,9.43125019073,69.5062524795,I,Htr3a-Cre_NO152
387,2.164585005,0.196798784,110.0,19.23147739,124.3564286,8.041401731,178.2812898,4.494976667,-73.30446334,-62.0875030518,36.2562515259,98.3437545777,I,Sst-IRES-Cre
388,2.155255007,0.02462568,70.0,22.67967559,41.9376087,23.84494565,273.4375,3.1945225,-78.43345989,-64.3437538147,31.0156259537,95.3593797684,I,Sst-IRES-Cre
389,2.15481825,0.031973672,50.0,37.26235536,47.196,21.18823629,259.2188716,2.631693333,-66.96987915,-61.4625030518,38.7312507629,100.193753815,I,Sst-IRES-Cre
390,2.148063198,0.03617383,30.00000191,38.75157369,39.77447368,25.14175317,476.5624284,0.669135,-66.95238957,-57.7916692098,24.1354179382,81.927087148,I,Sst-IRES-Cre
391,2.120460288,0.262937555,70.0,36.28011681,160.955,6.212916654,320.5357906,2.128385,-70.04540873,-60.5312509537,12.1250002384,72.6562511921,I,Sst-IRES-Cre
392,2.118412585,0.579262892,70.0,20.30221231,246.9,4.050222762,167.9463196,4.236361667,-68.34013168,-61.8500038147,23.8625007629,85.7125045776,I,Sst-IRES-Cre
393,2.099248154,0.088059122,80.0,17.962298,80.40636364,12.43682657,262.8905296,4.07072,-73.16198839,-59.2250030518,40.3625007629,99.5875038147,I,Sst-IRES-Cre
394,2.094328217,0.003207964,150.0,13.64143398,50.37210526,19.85225741,98.34,6.715036667,-68.20271937,-56.4125030518,35.36875,91.7812530518,E,Rbp4-Cre_KL100
395,2.082211053,0.086023317,50.0,37.47253311,100.0938889,9.990619918,310.4687912,2.281595,-72.00273605,-60.703127861,6.74218773842,67.4453155994,I,Sst-IRES-Cre
396,2.081750378,0.027609968,50.0,19.66185578,58.398125,17.12383745,124.8437894,1.121965,-57.76828657,-63.820318222,18.7890634537,82.6093816757,I,Sst-IRES-Cre
397,2.079074458,0.006477523,130.0,19.36608971,15.22584615,65.67779484,245.3125,2.20584,-72.58281708,-63.9875007629,40.9937507629,104.981251526,I,Sst-IRES-Cre
398,2.07769606,0.041579961,40.0,14.86004596,9.3075,107.4402364,276.2500028,8.49425,-70.52570584,-57.7875038147,26.1375007629,83.9250045776,I,Htr3a-Cre_NO152
399,2.067313084,0.087258304,50.0,23.96317262,67.75321429,14.75944736,238.2812525,2.093845,-66.55571404,-58.8750030518,24.8812511444,83.7562541962,I,Sst-IRES-Cre
400,2.036198857,0.053238691,30.00000191,37.59843828,67.36285714,14.84497604,319.8662184,1.1590825,-64.98033829,-56.7500025431,28.8125019073,85.5625044504,I,Sst-IRES-Cre
402,2.019670086,0.148728704,120.0000076,24.52684103,36.50666667,27.39225712,186.7187136,5.092795,-71.58110942,-59.0750038147,19.4562507629,78.5312545776,I,Sst-IRES-Cre
405,2.010473518,0.134182159,40.0,36.19731893,28.2175,35.43900062,343.1250728,1.754295,-70.1564767,-60.7062507629,27.8812507629,88.5875015258,I,Sst-IRES-Cre
409,1.973528281,0.586460945,130.0,10.86789846,115.595,8.650893205,165.4687927,12.03458667,-69.45946954,-56.1437507629,37.2812515259,93.4250022888,I,Sst-IRES-Cre
411,1.960990565,0.251061542,90.0,10.40434083,140.15,7.135212273,153.2812417,5.2207,-70.6198349,-64.2562515259,35.6875015259,99.9437530518,I,Sst-IRES-Cre
412,1.935758431,0.048708825,170.0,13.74110591,118.3971429,8.446149762,147.6562543,6.180386667,-65.50342274,-56.2875038147,27.4875007629,83.7750045776,I,Sst-IRES-Cre
413,1.934570444,0.011450646,90.0,14.55648021,51.82277778,19.29653413,257.6562525,2.066953333,-66.219084,-62.5875030518,37.5062515259,100.093754578,I,Htr3a-Cre_NO152
414,1.92722942,0.202804702,90.0,14.68927486,123.11,8.122816993,190.1787141,4.0507875,-70.54980873,-61.0468769073,32.6406269073,93.6875038146,I,Htr3a-Cre_NO152
415,1.915683689,0.010660192,70.0,19.03595329,50.91222222,19.64164903,223.437574,2.84821,-65.77166494,-62.0520858765,16.0000006358,78.0520865123,I,Sst-IRES-Cre
416,1.913293327,0.023051752,70.0,23.24448837,49.98842105,20.00463265,232.0313156,3.59351,-70.61535645,-60.6125030518,28.3562511444,88.9687541962,I,Sst-IRES-Cre
417,1.892868623,0.221940623,170.0,19.52773646,55.24,18.10282404,132.6562464,6.196833333,-73.60150909,-63.4531288147,32.84375,96.2968788147,I,Sst-IRES-Cre
418,1.876785595,0.010706707,20.0,54.69367154,30.236875,33.07220075,468.4151662,0.728968333,-67.41945699,-60.75,34.625,95.375,I,Sst-IRES-Cre
419,1.869629956,0.094857789,20.0,15.00804203,15.60666667,64.07518155,271.875,0.630865,-55.23377473,-61.9687512716,31.1302089691,93.0989602407,I,Htr3a-Cre_NO152
421,1.854243144,0.109690434,20.0,25.50111445,75.06227273,13.32227181,454.5311779,0.84312,-64.80349051,-62.632815361,22.9531259537,85.5859413147,I,Htr3a-Cre_NO152
423,1.842653434,0.031409164,60.00000381,18.93369872,49.98166667,20.00733602,210.7812904,2.832433333,-68.21123103,-60.1125038147,32.4562507629,92.5687545776,I,Sst-IRES-Cre
424,1.842548291,0.154108538,50.0,33.12586747,19.57166667,51.09426893,251.5625025,2.330336667,-65.2986696,-58.9250022888,17.6187515259,76.5437538147,I,Sst-IRES-Cre
425,1.816516538,0.012016623,10.0,47.27047084,25.87513514,38.64714116,429.4642573,0.574805,-61.41803741,-58.6375038147,14.7687509537,73.4062547684,I,Htr3a-Cre_NO152
426,1.805307326,0.028792683,50.0,45.83244757,45.13928571,22.1536514,422.031299,1.932268333,-66.75810856,-55.5625030518,19.6562511444,75.2187541962,I,Sst-IRES-Cre
427,1.804733222,0.067294892,150.0,12.58182675,32.16,31.09452736,143.9062869,7.499023333,-73.18584723,-66.2500015259,41.1687515259,107.418753052,I,Sst-IRES-Cre
428,1.802031887,0.021750802,90.0,13.91701198,48.41894737,20.65307187,194.5312138,3.635985,-75.59932826,-66.1187515259,30.1937503815,96.3125019074,I,Sst-IRES-Cre
429,1.80126815,0.021637165,90.0,26.20631091,65.47357143,15.27333821,218.2813665,3.428966667,-67.52550013,-60.0437538147,20.2937511444,80.3375049591,I,Sst-IRES-Cre
432,1.794451812,0.051145927,29.99999809,25.40371846,41.76391304,23.94411651,367.6562463,1.390513333,-72.70973382,-61.1687515259,33.1937507629,94.3625022888,I,Sst-IRES-Cre
434,1.781039193,0.053127976,140.0,7.875618699,8.77375,113.9763499,166.7186753,17.982005,-72.03617925,-61.2062530518,29.0187519073,90.2250049591,I,Htr3a-Cre_NO152
436,1.777531019,0.025838693,60.00000381,12.0893384,33.045,30.26176426,230.1563286,2.60773,-73.41370111,-58.7604198456,36.7239602407,95.4843800863,I,Htr3a-Cre_NO152
437,1.764155203,0.009077191,70.0,23.80542069,47.47342105,21.06441832,236.2499978,2.403305,-67.15597714,-64.4375015259,38.7187507629,103.156252289,I,Sst-IRES-Cre
439,1.756739231,-0.000360098,90.0,12.59718402,47.465,21.06815548,248.4373093,3.6743,-70.39907752,-62.9437522888,35.8,98.7437522888,I,Htr3a-Cre_NO152
440,1.751767367,0.015610126,50.0,26.91058814,58.4721875,17.10214792,240.7812905,1.596605,-64.78388774,-62.3187538147,47.6625015259,109.981255341,I,Sst-IRES-Cre
441,1.74920958,0.014081788,50.0,25.39993507,51.68472222,19.34807728,264.6875025,1.983108333,-65.86307365,-64.8125019073,38.164065361,102.976567268,I,Sst-IRES-Cre
442,1.741363358,0.013284267,50.0,31.87766072,44.05738095,22.69767241,353.571399,1.626653333,-67.01875978,-61.6562538147,31.4921889305,93.1484427452,I,Sst-IRES-Cre
443,1.729965084,0.021509719,100.0,12.01506099,60.3490625,16.57026569,186.7186373,4.311803333,-76.37707583,-67.40625,23.1015634537,90.5078134537,I,Sst-IRES-Cre
444,1.717169846,0.017017835,90.0,25.43889021,53.67138889,18.63190092,169.0624986,2.092836667,-64.25889442,-62.8482170105,38.6205368042,101.468753815,I,Sst-IRES-Cre
446,1.710360936,0.004898738,100.0,10.90734387,34.15678571,29.27675948,182.5000017,4.47527,-71.70131622,-70.5875045776,29.2875019073,99.8750064849,I,Sst-IRES-Cre
450,1.685020763,0.021023601,40.0,19.72809139,45.41238095,22.02042657,271.0937623,2.171396667,-81.6471064,-66.0000030518,37.8062515259,103.806254578,I,Sst-IRES-Cre
452,1.672161965,0.003739888,130.0,7.676425758,17.10140351,58.47473276,190.1340049,6.67404,-73.65225315,-63.8906281789,4.76562523842,68.6562534173,I,Pvalb-IRES-Cre
453,1.663913212,0.003120463,130.0,12.19565813,30.75883333,32.510986,181.87496,5.280111667,-79.63598595,-70.1770858765,0.427083333333,70.6041692098,I,Sst-IRES-Cre
454,1.662837624,0.009442349,29.99999809,49.32442041,29.1130303,34.34888054,491.8749948,0.748758333,-58.39002081,-58.1937507629,16.1000001907,74.2937509536,I,Sst-IRES-Cre
455,1.660508046,0.014115375,70.0,22.97265094,34.30071429,29.15391183,249.3303571,2.813941667,-65.52198855,-59.9375,10.8984382153,70.8359382153,I,Sst-IRES-Cre
456,1.658066134,0.053509382,50.0,31.21365432,40.15928571,24.90084129,460.4912077,2.077376667,-72.70538839,-59.4000022888,23.91875,83.3187522888,I,Sst-IRES-Cre
457,1.651906629,0.192964373,70.0,36.50640324,20.51,48.75670405,324.2187881,2.113683333,-71.40045929,-59.9921913147,35.7265644073,95.718755722,I,Sst-IRES-Cre
458,1.651281835,0.002046224,160.0,5.990295913,17.25105263,57.96747719,101.5624969,7.257256667,-78.39362176,-69.0859375,32.1250023842,101.210939884,I,Pvalb-IRES-Cre
459,1.648523531,0.023906885,20.0,25.7498701,29.8609375,33.48856679,337.9464395,1.222313333,-69.22408833,-62.015627861,25.3750014305,87.3906292915,I,Sst-IRES-Cre
460,1.63398125,0.012247585,60.00000381,17.28360688,39.13104167,25.55515921,232.1875023,3.723925,-71.75403232,-62.8645865122,20.5208336512,83.3854201634,I,Sst-IRES-Cre
461,1.631053819,0.00397438,220.0,8.027276845,14.25272727,70.16201046,119.843673,7.268163333,-73.69269928,-67.015625,25.6171884537,92.6328134537,I,Pvalb-IRES-Cre
462,1.63044046,0.011334297,70.0,16.68054787,25.54197368,39.15124228,230.6249643,3.34532,-72.43832397,-56.8062538147,40.5625030518,97.3687568665,I,Sst-IRES-Cre
463,1.629861521,0.094254928,50.0,27.8671261,59.6,16.77852349,238.2814413,1.937236667,-71.18420766,-57.6718769073,27.3437509537,85.015627861,I,Htr3a-Cre_NO152
466,1.612966694,0.004485655,310.0,4.812190482,12.8574026,77.77620654,103.2813634,12.11565667,-77.55399895,-69.6979192098,15.28125,84.9791692098,I,Pvalb-IRES-Cre
468,1.598512456,0.18409586,90.0,13.35920566,78.59666667,12.72318589,203.9062479,5.216263333,-75.63566322,-64.109375,25.2187509537,89.3281259537,I,Sst-IRES-Cre
469,1.595662582,0.027712971,20.0,36.00357307,37.0846,26.96537107,430.4688601,1.026533333,-65.17337799,-60.8593759537,33.5390625,94.3984384537,I,Gad2-IRES-Cre
471,1.588035163,0.022820739,110.0,18.60734313,53.43235294,18.71525293,179.6874254,4.784338333,-69.33047381,-63.3500022888,21.8125003815,85.1625026703,I,Sst-IRES-Cre
472,1.581994855,0.014371544,70.0,22.71703978,52.58416667,19.01713127,244.3750787,2.588805,-72.79583883,-59.3187515259,23.0000015259,82.3187530518,I,Sst-IRES-Cre
473,1.570999538,0.004693859,90.0,13.99075402,38.72,25.82644628,187.6562069,3.84386,-79.20363668,-63.0187507629,24.2500007629,87.2687515258,I,Sst-IRES-Cre
474,1.567376446,0.047977887,90.0,16.75518009,50.63138889,19.75059389,188.7499257,3.096406667,-76.12650264,-63.2395865122,28.0208349228,91.260421435,I,Sst-IRES-Cre
475,1.562184206,0.002559904,150.0,8.358102742,18.28216981,54.6981026,149.0625396,6.496358333,-73.00823822,-65.1927134196,27.052084287,92.2447977066,I,Pvalb-IRES-Cre
477,1.560664855,0.055229448,30.00000191,29.83095725,65.19964286,15.33750733,392.4999278,1.588846667,-63.31834612,-53.8562530518,7.51250047684,61.3687535286,I,Htr3a-Cre_NO152
478,1.55732838,0.002756874,249.9999847,4.921929228,12.57403846,79.52894395,103.90625,10.04955333,-72.37338902,-66.7109394073,17.6562514305,84.3671908378,E,Nr5a1-Cre
479,1.555397755,0.005617734,220.0,4.244303358,18.01111111,55.52128316,103.0803571,7.403421667,-68.01031196,-60.9437530518,30.01875,90.9625030518,I,Pvalb-IRES-Cre
480,1.553899644,0.031206162,30.00000191,33.97884837,28.595,34.9711488,328.125,1.32344,-64.71791146,-60.2812530518,27.8937511444,88.1750041962,I,Htr3a-Cre_NO152
482,1.546773524,-0.002309633,310.0,4.23792953,24.285,41.1776817,101.2500392,11.2558,-75.10838318,-73.0937512716,13.2291671435,86.3229184151,I,Pvalb-IRES-Cre
483,1.54561502,0.000337265,370.0,7.953606409,11.15511364,89.64498548,103.7500753,13.098735,-81.00833967,-70.4895858765,13.0937501589,83.5833360354,I,Pvalb-IRES-Cre
485,1.54266125,0.369424324,30.00000191,33.70067876,234.1833333,4.270158708,328.9062532,1.384646667,-76.12595418,-63.40625,33.90625,97.3125,I,Sst-IRES-Cre
486,1.539658809,0.008310174,70.0,17.16245557,40.67065217,24.58775423,242.1875025,3.134806667,-72.15646044,-58.8750038147,9.50000047684,68.3750042915,I,Sst-IRES-Cre
487,1.537811923,0.003118678,260.0,6.489626828,24.93192308,40.10922049,65.78136631,9.899888333,-77.51119741,-66.2000061035,32.2625019073,98.4625080108,I,Pvalb-IRES-Cre
488,1.525801076,0.004440714,119.9999924,19.83932624,44.72619048,22.35826457,185.9374982,4.802121667,-71.81520774,-61.789065361,24.2500009537,86.0390663147,I,Sst-IRES-Cre
490,1.517572572,0.005301486,150.0,7.769403138,20.41947917,48.97284558,135.312387,7.840198333,-76.00023786,-65.2500045776,28.3000011444,93.550005722,I,Pvalb-IRES-Cre
491,1.516161377,0.003207561,110.0,11.29283977,18.21351852,54.90427338,219.218748,5.183558333,-74.1137659,-68.8437530518,29.6875,98.5312530518,I,Sst-IRES-Cre
493,1.514546217,0.008097419,70.0,21.82474624,35.63557692,28.06184399,230.000045,2.271893333,-64.28200679,-58.0750022888,25.4062511444,83.4812534332,I,Sst-IRES-Cre
494,1.503867322,0.005543112,50.0,25.77544335,27.01263889,37.01970785,321.8750415,1.590311667,-60.23818697,-63.0781269073,24.484375,87.5625019073,I,Sst-IRES-Cre
498,1.500890965,0.264160156,50.0,28.68488422,19.89,50.27652086,345.1322317,2.640166667,-75.55773926,-59.6979179382,28.9895846049,88.6875025431,I,Sst-IRES-Cre
500,1.488835595,0.074312374,230.0,6.357066347,14.21,70.37297678,118.4375012,11.40883333,-74.41640051,-65.9562530518,16.6125011444,82.5687541962,I,Pvalb-IRES-Cre
501,1.487115083,0.032307529,50.0,33.85005269,36.11642857,27.68823052,340.7813614,2.2114825,-71.41427733,-65.6437515259,25.3437511444,90.9875026703,I,Gad2-IRES-Cre
502,1.481347352,-0.005913083,210.0,16.92267562,137.2728571,7.28476132,188.1695003,7.174716667,-72.67850133,-61.390625,11.7656254768,73.1562504768,I,Sst-IRES-Cre
503,1.480618776,0.003300725,310.0,5.496191132,19.12147059,52.29723286,80.62492443,14.04963,-80.1982982,-71.5000061035,29.4375011444,100.937507248,I,Pvalb-IRES-Cre
504,1.479334564,0.006803953,140.0,7.062279954,16.51305085,60.5581615,136.4062513,7.482978333,-79.38037078,-65.1875012716,25.0260429382,90.2135442098,I,Pvalb-IRES-Cre
506,1.474850505,-0.011939102,170.0,9.161802677,6.858055556,145.8139252,197.9687862,7.821125,-72.25487292,-65.2187525431,4.73958333333,69.9583358764,I,Pvalb-IRES-Cre
508,1.469335791,0.002980858,190.0,6.922312615,18.04759259,55.4090522,113.7499632,7.914971667,-79.17195754,-66.718755722,15.6484379768,82.3671936988,I,Pvalb-IRES-Cre
509,1.457374945,0.010818585,40.0,27.35637883,28.92742424,34.56927211,292.8125409,2.000048333,-69.33781254,-58.9375038147,34.0625,93.0000038147,I,Sst-IRES-Cre
511,1.453391161,0.002774219,160.0,7.91252316,13.86464789,72.12588507,135.3126129,6.692821667,-68.69915649,-63.3125006358,21.2395836512,84.552084287,I,Pvalb-IRES-Cre
512,1.449970645,0.002760727,300.0,12.83222988,14.36434783,69.61680489,98.43749061,13.05826333,-75.59854487,-68.9062515259,20.6875,89.5937515259,I,Pvalb-IRES-Cre
513,1.447790237,0.005914716,270.0,7.863241212,15.76135417,63.44632507,92.34378587,12.59187333,-74.04426606,-69.0500015259,23.3937503815,92.4437519074,I,Pvalb-IRES-Cre
515,1.441986529,0.003046885,170.0,6.758850695,9.189212963,108.8232479,165.1041614,6.652063333,-73.79518672,-67.09375,20.0312509537,87.1250009537,I,Pvalb-IRES-Cre
517,1.429427946,0.00154682,170.0,9.392558092,10.85054945,92.16123152,221.0937142,6.650858333,-74.05178102,-64.4739583333,17.6197926203,82.0937509536,I,Pvalb-IRES-Cre
519,1.427331256,0.000193018,140.0,6.348356709,21.47933333,46.55637978,126.0938276,6.943235,-70.56989042,-66.7500015259,39.0312507629,105.781252289,I,Pvalb-IRES-Cre
521,1.421978052,0.126489563,100.0,14.06879572,57.34636364,17.43789731,195.6249981,5.45477,-73.62979762,-63.3541679382,38.7500006358,102.104168574,I,Sst-IRES-Cre
525,1.413029724,0.058363742,160.0,15.00635998,16.679,59.95563283,189.5312482,9.12168,-75.6877395,-62.9437522888,7.92500038147,70.8687526703,I,Gad2-IRES-Cre
526,1.408176114,0.002121115,130.0,8.437636424,11.14544944,89.72271648,205.6249943,9.72669,-63.85445186,-61.2968762716,4.75000015895,66.0468764306,I,Pvalb-IRES-Cre
527,1.405709013,0.047237608,290.0,22.16121512,11.16875,89.53553442,81.24999918,15.58363,-74.63967527,-69.3500015259,23.3875007629,92.7375022888,I,Pvalb-IRES-Cre
528,1.400316768,0.003090001,390.0,9.525918285,14.29913043,69.93432255,82.50003892,14.7351,-69.64336874,-63.2656281789,17.6302089691,80.895837148,I,Pvalb-IRES-Cre
529,1.400014652,0.037179459,330.0,6.41196529,10.0325,99.67605283,66.87511231,14.25936333,-76.58144052,-69.90625,22.71875,92.625,I,Gad2-IRES-Cre
530,1.396525059,0.163518758,90.0,17.62342777,39.77166667,25.14352764,143.75,5.85473,-70.99886412,-61.5520839691,25.6927086512,87.2447926203,I,Sst-IRES-Cre
531,1.393662928,0.003198159,310.0,7.272253236,17.35571429,57.61791094,67.18769073,10.87266333,-78.44784626,-68.4437545776,24.1625011444,92.606255722,I,Pvalb-IRES-Cre
532,1.392591216,0.00774559,160.0,9.898676564,30.88967742,32.3732743,137.0312897,6.888965,-72.87572158,-67.9375038147,34.5937519073,102.531255722,I,Sst-IRES-Cre
533,1.389217696,0.009990831,220.0,6.987849203,22.26329268,44.91698574,105.1563253,11.03774,-77.06070794,-72.6750015259,17.7750003815,90.4500019074,I,Pvalb-IRES-Cre
534,1.385014993,0.001968133,120.0000076,19.61568909,12.22904762,81.77251665,291.4061768,2.66137,-68.71090698,-63.1041679382,20.1250006358,83.229168574,I,Sst-IRES-Cre
535,1.382721749,0.000218586,150.0,11.3308537,14.22376812,70.30485817,156.8750015,7.786186667,-70.54660856,-65.4114583333,22.2656262716,87.6770846049,I,Pvalb-IRES-Cre
536,1.378921057,0.001761589,110.0,10.46260828,10.33,96.8054211,148.7499987,5.65985,-70.46623535,-65.5677108765,31.4843762716,97.0520871481,I,Pvalb-IRES-Cre
539,1.362091003,0.011637977,10.0,46.26201083,21.68852941,46.10732157,567.968794,0.28431,-59.94123955,-58.2500038147,17.15625,75.4062538147,I,Htr3a-Cre_NO152
540,1.359474061,0.024577979,50.0,16.53986049,39.45895833,25.3427876,150.0,1.993961667,-69.60090964,-59.8750019073,34.320315361,94.1953172683,I,Sst-IRES-Cre
541,1.359101036,0.003317677,220.0,6.628360984,13.73743056,72.79381657,121.8749988,9.553413333,-72.03738012,-69.11875,14.7937505722,83.9125005722,I,Pvalb-IRES-Cre
542,1.357182696,0.000123407,170.0,9.635407889,16.97517241,58.90956366,144.9998519,6.76709,-67.84766436,-60.914065361,33.8437519073,94.7578172683,I,Pvalb-IRES-Cre
545,1.349205833,0.023732334,209.9999847,5.493397931,47.047,21.2553404,102.5000391,10.19409667,-70.24076244,-65.2687530518,14.2750007629,79.5437538147,I,Pvalb-IRES-Cre
546,1.336360559,0.017086422,380.0,6.012562555,13.18384615,75.85039967,65.62481239,12.993565,-69.89476497,-65.3250015259,20.2500007629,85.5750022888,I,Pvalb-IRES-Cre
548,1.332505228,0.002208724,110.0,12.58884193,21.41922222,46.68703605,235.6249977,4.64012,-71.84576233,-67.5625025431,18.5312506358,86.0937531789,I,Sst-IRES-Cre
550,1.327943663,0.001461991,210.0,7.589117622,13.28657534,75.26393929,137.4999986,7.237735,-76.25603651,-67.65625,5.375,73.03125,I,Pvalb-IRES-Cre
551,1.327623832,0.000457217,350.0,7.800527019,12.42468354,80.48494728,87.49999894,12.99034667,-79.72184397,-70.2500025431,14.8125,85.0625025431,I,Pvalb-IRES-Cre
552,1.326954774,0.00249241,240.0000153,4.508796405,22.52426829,44.39655873,106.4063673,9.683205,-79.31920886,-69.9765701294,21.0937504768,91.0703206062,I,Pvalb-IRES-Cre
553,1.326857357,0.001070392,400.0,6.28899287,14.34426471,69.714274,75.78128919,15.80517333,-79.43265395,-67.3593800863,14.9583338102,82.3177138965,I,Pvalb-IRES-Cre
554,1.32414886,0.002883911,290.0,5.37265528,12.2559375,81.59310538,85.26785497,12.45235667,-75.49036975,-68.925,17.4937503815,86.4187503815,I,Pvalb-IRES-Cre
555,1.321080333,0.016035172,200.0,6.657078189,32.65883333,30.61958735,100.4688273,9.60314,-70.40834513,-65.0437545776,20.8000015259,85.8437561035,I,Sst-IRES-Cre
556,1.3203844,-0.029840663,150.0,9.27556419,11.96275862,83.59275914,158.906281,9.4442,-68.91072083,-65.7500015259,13.2187503815,78.9687519074,I,Pvalb-IRES-Cre
557,1.318030465,0.006371196,230.0,7.189425503,22.67625,44.09900226,114.0625,9.970318333,-73.18901634,-65.8359375,11.3906254768,77.2265629768,I,Pvalb-IRES-Cre
558,1.316318086,-0.00123233,249.9999847,6.638819157,329.985,3.030440778,122.1874606,9.596283333,-75.74004116,-70.3802096049,31.6093756358,101.989585241,I,Pvalb-IRES-Cre
560,1.314489722,0.007080512,90.0,17.48847992,37.2956,26.81281438,204.3749981,2.631413333,-72.14053067,-65.73125,36.225,101.95625,I,Sst-IRES-Cre
562,1.313416008,0.016206077,110.0,15.8133128,45.28619048,22.08178673,203.1249638,4.685385,-75.67340386,-63.2031281789,32.0260416667,95.2291698456,I,Sst-IRES-Cre
565,1.308834215,0.005236444,400.0,5.321782087,3.828333333,261.2102743,85.15625,13.94603833,-72.20549214,-69.0000019073,5.22656279802,74.2265647053,I,Pvalb-IRES-Cre
566,1.307368148,0.003762639,330.0,4.747996238,28.04545455,35.65640194,67.34390448,13.6309,-72.92062397,-68.3072967529,21.0781257947,89.3854225476,I,Pvalb-IRES-Cre
567,1.305367514,0.003378266,230.0,11.38968807,18.08787037,55.28566821,118.2812469,7.741736667,-77.92003193,-67.3125030518,20.975,88.2875030518,I,Pvalb-IRES-Cre
569,1.29850166,0.004028463,419.9999695,5.098253195,16.32708333,61.2479265,59.06261498,15.28588,-73.69225171,-67.9062530518,30.1312511444,98.0375041962,I,Htr3a-Cre_NO152
570,1.297921796,-0.053596021,150.0,11.23079135,52.26972222,19.13153461,194.5310581,7.64352,-80.61833304,-64.21875,25.2656259537,89.4843759537,I,Pvalb-IRES-Cre
572,1.294285841,0.006618229,170.0,8.355111381,23.8347561,41.95553736,114.9999987,7.854571667,-71.07140859,-65.265625,24.6093759537,89.8750009537,I,Pvalb-IRES-Cre
575,1.291328822,0.008947499,290.0,6.102054849,9.046,110.5460977,130.6249631,10.67977,-74.78975423,-68.9895884196,24.7500009537,93.7395893733,I,Pvalb-IRES-Cre
576,1.289148992,-0.017614275,270.0,6.292852516,36.248,27.58772898,121.8749955,9.73326,-73.5458374,-60.960940361,19.5312509537,80.4921913147,I,Pvalb-IRES-Cre
577,1.287027919,-0.000706945,190.0,7.184422517,44.67772727,22.38251722,147.8124987,8.642616667,-70.96197826,-64.6718775431,16.1041668256,80.7760443687,I,Pvalb-IRES-Cre
578,1.286316116,-0.052525376,350.0,6.486945438,48.77363636,20.50287972,66.56242319,14.845745,-82.11792755,-72.4062530518,12.4000001907,84.8062532425,I,Pvalb-IRES-Cre
580,1.282817846,0.004725318,520.0,4.990350761,12.58027027,79.4895482,55.15624955,20.78065333,-81.55860901,-66.00625,29.1500007629,95.1562507629,I,Pvalb-IRES-Cre
586,1.272478779,0.024937273,270.0,7.181471915,12.54176471,79.73359599,105.4686366,14.245135,-68.58795447,-58.0187530518,24.0562515259,82.0750045777,I,Pvalb-IRES-Cre
587,1.272069818,0.000996272,190.0,6.391469346,19.3622549,51.64687714,145.6250395,7.695571667,-69.59015627,-65.7750015259,19.7687511444,85.5437526703,I,Pvalb-IRES-Cre
588,1.266971555,0.000995637,390.0,6.955983801,13.90583333,71.91226703,97.34378716,15.189315,-76.27424487,-65.4843788147,9.890625,75.3750038147,I,Pvalb-IRES-Cre
591,1.265459091,0.001442213,320.0,4.27114924,7.221875,138.4681956,82.03117278,14.54778833,-78.31802775,-74.1875012716,24.40625,98.5937512716,I,Pvalb-IRES-Cre
594,1.263915585,0.018728396,290.0,9.302251426,9.03875,110.634767,164.6874634,9.249581667,-70.64434361,-65.0750015259,24.5812511444,89.6562526703,I,Pvalb-IRES-Cre
595,1.263677322,0.002758327,270.0,9.885314368,12.57064103,79.55043804,104.6878815,8.8457575,-72.1350953,-67.953125,32.984375,100.9375,I,Sst-IRES-Cre
599,1.243703443,0.006670196,370.0,6.902019424,14.89,67.15916723,70.15621248,16.42352,-75.81222607,-68.8250045776,25.1687519073,93.9937564849,I,Pvalb-IRES-Cre
600,1.242690961,0.005724966,520.0,4.992942596,16.12958333,61.99788174,58.59378861,21.70248333,-77.01522682,-71.0062515259,12.8250003815,83.8312519074,I,Pvalb-IRES-Cre
601,1.242522252,0.005373569,300.0,6.30181177,13.08681818,76.41276788,84.37503898,11.57412,-73.96957347,-66.8437515259,33.0812515259,99.9250030518,I,Pvalb-IRES-Cre
603,1.240245708,0.056505824,220.0,6.267726511,10.13333333,98.68421053,114.5312533,10.05903167,-75.65821293,-67.4125015259,27.6937515259,95.1062530518,I,Pvalb-IRES-Cre
604,1.238961436,0.004015966,469.9999695,6.801959948,11.8871875,84.12418833,65.62503881,18.08299333,-76.60201022,-67.2562530518,21.8187511444,89.0750041962,I,Htr3a-Cre_NO152
605,1.237463717,0.003541695,110.0,10.14321186,15.53349206,64.37702456,162.5447097,5.215105,-70.60791321,-64.7687561035,20.9750007629,85.7437568664,I,Sst-IRES-Cre
606,1.236772062,0.030534471,260.0,5.048795948,9.653333333,103.5911602,100.9374991,11.73103333,-82.91397878,-66.9687515259,21.2875003815,88.2562519074,I,Pvalb-IRES-Cre
607,1.226111928,0.040508386,190.0,5.465336819,10.42,95.96928983,133.9285496,11.61845,-78.85697031,-71.0875045776,3.31250014305,74.4000047207,I,Pvalb-IRES-Cre
608,1.225284566,0.001269422,590.0,6.339791959,12.05568966,82.94838608,51.56250492,21.629085,-80.15268616,-72.9187515259,12.8000003815,85.7187519074,I,Pvalb-IRES-Cre
613,1.219815297,0.001517695,390.0,7.779458945,5.576488764,179.32431,74.21875,11.55096,-69.64280519,-64.75,17.5312504768,82.2812504768,I,Pvalb-IRES-Cre
617,1.216799442,-0.000460816,509.9999695,5.043919622,9.215648148,108.5110872,92.52218838,10.15566333,-77.20398038,-71.3125,24.1145833333,95.4270833333,I,Pvalb-IRES-Cre
618,1.213808583,0.001921928,310.0,5.402794409,13.70443662,72.96907036,78.43746265,11.20407167,-78.4835901,-68.9843788147,24.2812519073,93.265630722,I,Htr3a-Cre_NO152
622,1.204547096,0.034776009,350.0,4.989565018,30.73375,32.53751983,64.53125072,16.01497333,-76.95507282,-70.0562545776,25.0187511444,95.075005722,I,Pvalb-IRES-Cre
624,1.200538285,0.003425871,170.0,5.671365542,16.32883333,61.24136242,128.906175,7.514663333,-75.96364131,-70.0750015259,16.9625007629,87.0375022888,I,Pvalb-IRES-Cre
625,1.200172918,-0.012285742,290.0,5.892629698,12.74804348,78.4434099,93.35927963,14.84756667,-75.772411,-66.6250038147,12.1041669846,78.7291707993,I,Pvalb-IRES-Cre
627,1.19038055,0.003157636,150.0,9.890335776,13.80654412,72.42942126,178.5937515,9.817898333,-71.85897108,-64.9312515259,17.5125007629,82.4437522888,I,Pvalb-IRES-Cre
628,1.187572754,0.001170621,330.0,5.429061562,21.56318182,46.37534518,63.28105927,13.39738167,-75.26026821,-67.9062530518,20.5375011444,88.4437541962,I,Pvalb-IRES-Cre
629,1.186820144,0.006578534,350.0,7.312430852,8.684534884,115.1472144,81.65178571,14.36564667,-76.70667134,-69.0187515259,18.6625007629,87.6812522888,I,Pvalb-IRES-Cre
631,1.185436403,0.029512663,270.0,6.217532997,11.27833333,88.66558298,138.7945459,9.882551667,-75.64879205,-68.1354217529,23.9375006358,92.0729223887,I,Pvalb-IRES-Cre
632,1.183663311,-0.039937604,330.0,6.975410824,75.215,13.29522037,74.21878876,13.849615,-74.07704745,-67.6640663147,24.046875,91.7109413147,I,Pvalb-IRES-Cre
636,1.178574911,0.018400774,70.0,18.24027118,46.27575,21.60959034,207.6563282,4.847511667,-73.30729675,-63.0208365122,26.3072923024,89.3281288146,I,Sst-IRES-Cre
637,1.176421342,0.005025263,300.0,8.017693656,20.99059524,47.64038316,67.90868376,12.722,-76.31455075,-70.6937515259,33.6500007629,104.343752289,I,Pvalb-IRES-Cre
638,1.172007127,0.025706022,400.0,6.312161088,8.59875,116.2959733,87.18750083,15.01571167,-70.01791301,-68.1875015259,17.5125003815,85.7000019074,I,Pvalb-IRES-Cre
639,1.169578888,0.000642588,290.0,4.11288686,12.5075,79.95202878,65.625,10.7405225,-72.0436058,-64.515625,27.5468759537,92.0625009537,I,Pvalb-IRES-Cre
642,1.160459988,0.001740794,209.9999847,11.24075215,13.7625,72.66121708,95.98214387,9.1346925,-75.1252954,-67.5833384196,18.1979179382,85.7812563578,I,Pvalb-IRES-Cre
643,1.159674165,0.002113929,190.0,8.332961668,13.68353846,73.08051224,131.2503815,7.374091667,-66.20292037,-61.9765663147,12.5078132153,74.48437953,I,Pvalb-IRES-Cre
644,1.15719534,0.002544944,370.0,7.727992667,8.300888889,120.4690261,105.156251,11.55552833,-74.09920311,-67.210943222,16.2890629768,83.5000061988,I,Pvalb-IRES-Cre
648,1.146995113,0.010545627,460.0,5.272422,5.279090909,189.4265542,71.25010963,20.21466833,-73.84359661,-68.9000015259,24.7375011444,93.6375026703,I,Sst-IRES-Cre
649,1.146889135,-0.000115879,720.0,3.467031958,13.18051724,75.86955669,36.87503865,23.56397167,-77.29481986,-73.1250030518,24.2562511444,97.3812541962,I,Pvalb-IRES-Cre
653,1.138994077,0.002089343,200.0,5.097316714,29.66821429,33.70610682,110.0000011,9.300095,-74.11608505,-68.7875030518,19.525,88.3125030518,I,Pvalb-IRES-Cre
659,1.128713975,0.001345759,390.0,5.571043802,20.49144444,48.80085456,71.87511516,14.59617,-80.80730217,-72.5000030518,26.6750015259,99.1750045777,I,Pvalb-IRES-Cre
660,1.127713237,-0.009535216,370.0,6.508292444,10.51018182,95.14583261,69.0625374,12.06589167,-60.53822761,-64.6562522888,22.5,87.1562522888,I,Pvalb-IRES-Cre
661,1.125337945,0.021280729,249.9999847,6.781886865,12.24142857,81.68981211,111.2500775,10.960505,-72.48332717,-67.0312512716,15.5781259537,82.6093772253,I,Pvalb-IRES-Cre
662,1.123193672,0.000151926,430.0,6.025099924,9.165794393,109.1012909,82.03125,15.20047333,-72.51312256,-58.6062515259,28.9562515259,87.5625030518,I,Pvalb-IRES-Cre
663,1.12118036,0.008501204,249.9999847,5.484671193,12.7682,78.31957519,105.2231053,10.07395833,-75.93765869,-64.8593788147,27.0937519073,91.953130722,I,Pvalb-IRES-Cre
664,1.120912422,0.000444016,180.0,7.04729296,9.188364486,108.8332969,138.2812434,8.343583333,-79.34928343,-68.1205378941,14.3214291164,82.4419670105,I,Pvalb-IRES-Cre
665,1.120507599,0.002141221,440.0,4.871896185,10.85934066,92.08662214,56.71875064,18.08857667,-83.22769456,-74.5875015259,16.1062505722,90.6937520981,I,Pvalb-IRES-Cre
672,1.08987995,0.041648183,249.9999847,6.269706165,8.066666667,123.9669421,122.8125012,10.157695,-79.46914673,-72.598962148,28.0937512716,100.69271342,I,Pvalb-IRES-Cre
675,1.078710788,-0.044625171,380.0,5.313684712,31.7875,31.4589068,70.62499934,20.962445,-69.880452,-66.3562530518,5.175,71.5312530518,I,Pvalb-IRES-Cre
676,1.078630108,0.001524761,240.0000153,7.317324343,9.51684466,105.0768438,109.8438656,8.134256667,-75.12142708,-66.4437561035,17.4062511444,83.8500072479,I,Pvalb-IRES-Cre
677,1.073883427,0.000359485,570.0,6.808605205,9.9258,100.7475468,50.31257688,19.83092667,-79.2037346,-78.5250076294,14.2750007629,92.8000083923,I,Pvalb-IRES-Cre
678,1.073177901,0.000773381,209.9999847,9.298723952,8.942181818,111.8295311,137.6562896,8.753211667,-76.36165314,-66.2343788147,18.0546884537,84.2890672684,I,Htr3a-Cre_NO152
679,1.067103534,0.000508087,360.0,4.559849637,22.5144186,44.41598149,52.34378867,14.11734,-75.76729202,-68.7760442098,17.1614586512,85.937502861,I,Pvalb-IRES-Cre
680,1.049266924,-0.204913284,320.0,6.02369185,51.342,19.47723112,93.59378729,11.23826,-72.86654865,-68.7625030518,32.2875007629,101.050003815,I,Gad2-IRES-Cre
681,1.0242578,0.003547426,220.0,6.159720764,11.94915663,83.68791466,99.06238452,7.5441,-76.77078091,-72.0729166667,15.8333336512,87.9062503179,I,Pvalb-IRES-Cre
684,1.008617393,0.002668887,410.0,6.775648169,13.65149254,73.25206363,81.87496405,15.032895,-70.46230936,-65.0750030518,25.2875011444,90.3625041962,I,Pvalb-IRES-Cre
685,1.000824084,0.001636046,370.0,6.584289213,10.45617021,95.63731076,95.46886717,12.23847333,-76.94203348,-68.8187530518,22.7062515259,91.5250045777,I,Pvalb-IRES-Cre
687,0.986617101,0.000606499,230.0,6.789672053,6.286867089,159.0617371,114.8435593,8.019646667,-77.16387282,-68.9750015259,19.3875011444,88.3625026703,I,Pvalb-IRES-Cre
688,0.960085556,0.000943977,550.0,5.312949566,9.585,104.3296818,54.53132684,18.52042833,-81.35416294,-73.4739608765,12.1875006358,85.6614615123,I,Pvalb-IRES-Cre
691,0.86272611,0.005342524,620.0,4.537654132,15.32107143,65.2695867,36.5624622,22.34595667,-77.08601435,-73.2375015259,25.7750011444,99.0125026703,I,Pvalb-IRES-Cre
